ra,ano_base,ano_alvo,nome,fase_num,idade,genero,ano_ingresso,inde,pedra,defasagem,iaa,ieg,ips,ipp,ida,ipv,ian,mat,por,ing,defasagem_next,inde_next,ian_next,pedra_next,y_risco,y_piora_defasagem,y_queda_inde,features_ausentes
RA-1,2022,2023,Aluno-1,7.0,19.0,F,2016,5.783,Quartzo,-1,8.3,4.1,5.6,,4.0,7.278,5.0,2.7,3.5,6.0,0,,10.0,,0,0,0,False
RA-1,2023,2024,Aluno-1,8.0,,F,2016,,,0,,,,,,,10.0,,,,0,,10.0,,0,0,0,False
RA-1000,2023,2024,Aluno-1000,0.0,8.0,F,2023,7.9162,Ametista,0,8.5,9.4,3.77,6.25,7.0,8.92,10.0,7.0,7.0,,0,8.364790909100002,10.0,Topázio,0,0,0,False
RA-1001,2023,2024,Aluno-1001,0.0,9.0,F,2023,8.1162,Topázio,-1,9.0,9.1,7.52,7.5,7.8,9.17,5.0,8.3,7.3,,-1,7.7964318841,5.0,Ametista,1,0,1,False
RA-1002,2023,2024,Aluno-1002,0.0,9.0,F,2023,7.9012,Ametista,-1,9.0,9.7,7.52,6.25,7.0,8.92,5.0,7.0,7.0,,-1,7.967866666700001,5.0,Ametista,1,0,0,False
RA-1003,2023,2024,Aluno-1003,0.0,8.0,M,2023,7.6522,Ametista,0,9.0,8.5,7.52,7.5,4.0,8.75,10.0,8.0,0.0,,-1,7.627588888900001,5.0,Ametista,1,1,1,False
RA-1004,2023,2024,Aluno-1004,0.0,8.0,F,2023,8.3137,Topázio,0,9.0,9.6,7.52,6.875,7.9,7.42,10.0,6.5,9.2,,-1,7.801200000000001,5.0,Ametista,1,1,1,False
RA-1006,2023,2024,Aluno-1006,0.0,8.0,F,2023,8.5922,Topázio,0,9.0,9.3,7.52,7.5,8.7,8.0,10.0,8.7,8.6,,-1,7.040088888900001,5.0,Ametista,1,1,1,False
RA-1008,2023,2024,Aluno-1008,0.0,8.0,M,2023,8.13595,Topázio,0,9.0,8.6,7.52,5.9375,8.4,7.5,10.0,7.5,9.2,,-1,6.8667414438000005,5.0,Ágata,1,1,1,False
RA-1009,2023,2024,Aluno-1009,0.0,8.0,M,2023,7.245,Ametista,0,0.0,9.0,3.77,7.5,8.8,7.84,10.0,8.3,9.2,,-1,6.395389393900001,5.0,Ágata,1,1,1,False
RA-1012,2023,2024,Aluno-1012,0.0,8.0,F,2023,7.96495,Ametista,0,10.0,9.9,3.77,7.1875,6.6,7.845,10.0,7.0,6.2,,-1,8.057128571400002,5.0,Topázio,1,1,0,False
RA-1013,2023,2024,Aluno-1013,0.0,7.0,M,2023,7.6237,Ametista,0,9.0,9.6,4.39,5.625,8.3,5.76,10.0,7.0,9.5,,-1,5.7839559808,5.0,Quartzo,1,1,1,False
RA-1014,2023,2024,Aluno-1014,0.0,,F,2023,8.2582,Topázio,0,9.0,9.7,3.77,7.5,8.2,8.255,10.0,7.7,8.7,,-1,6.315972727300001,5.0,Ágata,1,1,1,False
RA-1015,2023,2024,Aluno-1015,1.0,10.0,F,2023,7.538908333,Ametista,-1,10.0,9.3,6.27,7.34375,6.3,7.786666667,5.0,5.0,7.6,,0,6.643252381000002,10.0,Ágata,0,0,1,False
RA-1017,2023,2024,Aluno-1017,1.0,,M,2023,6.505333333,Ágata,-1,0.0,8.0,5.02,7.5,7.7,8.116666667,5.0,7.0,8.3,,0,7.345521428500001,10.0,Ametista,0,0,0,False
RA-1018,2023,2024,Aluno-1018,1.0,,M,2023,6.824,Ágata,0,0.0,8.5,5.02,7.5,6.3,8.06,10.0,5.8,6.8,,-1,7.7054045454,5.0,Ametista,1,1,0,False
RA-1019,2023,2024,Aluno-1019,1.0,8.0,F,2023,7.177033333,Ametista,1,7.5,9.1,5.02,6.875,4.3,7.836666667,10.0,0.5,8.0,,0,8.692255194900001,10.0,Topázio,0,1,0,False
RA-1020,2023,2024,Aluno-1020,1.0,9.0,F,2023,7.612283333,Ametista,0,10.0,9.1,2.52,7.1875,6.1,8.056666667,10.0,4.3,7.8,,0,8.9544954545,10.0,Topázio,0,0,0,False
RA-1021,2023,2024,Aluno-1021,1.0,,M,2023,6.964616667,Ágata,0,8.0,9.2,3.77,7.1875,3.3,7.893333333,10.0,2.5,4.0,,-1,8.0985863636,5.0,Topázio,1,1,0,False
RA-1022,2023,2024,Aluno-1022,1.0,9.0,M,2023,7.164616667,Ametista,0,8.5,8.5,3.77,7.1875,4.7,7.893333333,10.0,4.7,4.7,,-1,7.613169697000002,5.0,Ametista,1,1,0,False
RA-1023,2023,2024,Aluno-1023,1.0,,F,2023,9.1342,Topázio,0,10.0,10.0,6.27,8.75,9.1,9.06,10.0,8.5,9.7,,0,9.4985809523,10.0,Topázio,0,0,0,False
RA-1024,2023,2024,Aluno-1024,1.0,10.0,F,2023,7.788875,Ametista,-1,0.0,10.0,6.27,9.21875,9.8,8.95,5.0,10.0,9.5,,-1,8.6516166666,5.0,Topázio,1,0,0,False
RA-1025,2023,2024,Aluno-1025,1.0,9.0,M,2023,8.215158333,Topázio,0,8.5,8.9,7.52,7.65625,7.5,7.836666667,10.0,7.5,7.5,,-1,7.897071212,5.0,Ametista,1,1,1,False
RA-1027,2023,2024,Aluno-1027,1.0,10.0,F,2023,7.748866667,Ametista,-1,9.5,9.7,7.52,7.5,6.0,8.333333333,5.0,4.2,7.7,,0,8.220866666700001,10.0,Topázio,0,0,0,False
RA-1028,2023,2024,Aluno-1028,1.0,11.0,M,2023,6.415708333,Ágata,-1,0.0,9.2,7.52,7.34375,5.0,7.946666667,5.0,5.0,5.0,,-2,7.1404338602,5.0,Ametista,1,1,0,False
RA-1029,2023,2024,Aluno-1029,1.0,9.0,F,2023,7.058533333,Ametista,0,10.0,6.3,3.77,7.5,5.4,8.006666667,10.0,3.5,7.2,,-1,7.797790909100001,5.0,Ametista,1,1,0,False
RA-103,2022,2023,Aluno-103,4.0,13.0,F,2020,8.107,Topázio,1,7.9,8.7,7.5,,7.3,7.708,10.0,7.3,7.3,7.3,1,8.0239,10.0,Topázio,0,0,1,False
RA-103,2023,2024,Aluno-103,5.0,14.0,F,2020,8.0239,Topázio,1,8.3,9.2,5.0,8.125,7.1,8.09,10.0,7.3,6.3,7.7,0,8.775268254,10.0,Topázio,0,1,0,False
RA-1030,2023,2024,Aluno-1030,1.0,,M,2023,7.4027,Ametista,-1,8.5,9.7,3.77,6.875,6.9,8.39,5.0,6.2,7.5,,0,7.740191604,10.0,Ametista,0,0,0,False
RA-1031,2023,2024,Aluno-1031,1.0,10.0,M,2023,7.0602,Ametista,-1,8.0,8.8,7.52,6.666666667,5.9,7.006666667,5.0,4.8,7.0,,-1,6.8757227273,5.0,Ágata,1,0,1,False
RA-1032,2023,2024,Aluno-1032,1.0,,M,2023,7.434033333,Ametista,-1,8.5,9.5,7.52,7.291666667,6.0,7.563333333,5.0,5.7,6.2,,-1,8.01645,5.0,Topázio,1,0,0,False
RA-1034,2023,2024,Aluno-1034,1.0,10.0,M,2023,7.9642,Ametista,-1,7.5,9.0,7.52,8.333333333,8.3,8.393333333,5.0,7.8,8.7,,0,8.0333666666,10.0,Topázio,0,0,0,False
RA-1035,2023,2024,Aluno-1035,1.0,9.0,M,2023,6.888833333,Ágata,0,0.0,8.3,7.52,7.708333333,5.8,7.78,10.0,4.0,7.5,,-1,7.833495454500001,5.0,Ametista,1,1,0,False
RA-1036,2023,2024,Aluno-1036,1.0,11.0,F,2023,6.970583333,Ágata,-1,0.0,9.6,3.77,9.0625,8.0,8.336666667,5.0,9.0,7.0,,0,8.2841303831,10.0,Topázio,0,0,0,False
RA-1038,2023,2024,Aluno-1038,1.0,10.0,F,2023,7.736825,Ametista,-1,8.0,9.3,7.52,8.90625,6.5,8.17,5.0,7.5,5.5,,0,7.9646385965,10.0,Ametista,0,0,0,False
RA-1039,2023,2024,Aluno-1039,1.0,,M,2023,7.686033333,Ametista,-2,8.0,9.9,7.52,8.125,6.2,8.056666667,5.0,6.0,6.3,,-1,7.549644444400001,5.0,Ametista,1,0,1,False
RA-104,2022,2023,Aluno-104,4.0,18.0,M,2022,6.315,Ágata,-4,7.9,8.7,7.5,,3.7,6.708,2.5,4.8,5.8,0.3,-3,4.25,2.5,Quartzo,1,0,1,False
RA-1040,2023,2024,Aluno-1040,1.0,,M,2023,7.81545,Ametista,-1,10.0,9.3,7.52,7.8125,6.6,8.06,5.0,5.8,7.3,,-1,7.764199999900001,5.0,Ametista,1,0,1,False
RA-1043,2023,2024,Aluno-1043,1.0,10.0,M,2023,6.5447,Ágata,-1,10.0,7.9,6.27,7.708333333,2.5,7.833333333,5.0,2.0,3.0,,-1,7.539847562500002,5.0,Ametista,1,0,0,False
RA-1044,2023,2024,Aluno-1044,1.0,10.0,F,2023,7.629533333,Ametista,-1,8.0,9.7,7.52,7.5,6.1,8.336666667,5.0,4.5,7.7,,0,7.966711904800001,10.0,Ametista,0,0,0,False
RA-1048,2023,2024,Aluno-1048,1.0,10.0,F,2023,7.811366667,Ametista,-1,8.5,9.5,3.77,8.541666667,8.2,8.5,5.0,7.5,8.8,,1,7.5198666666,10.0,Ametista,0,0,1,False
RA-1049,2023,2024,Aluno-1049,1.0,10.0,M,2023,7.443366667,Ametista,-1,10.0,7.7,7.52,8.125,6.3,7.943333333,5.0,5.5,7.0,,-1,6.821885606,5.0,Ágata,1,0,1,False
RA-1052,2023,2024,Aluno-1052,1.0,,M,2023,6.960333333,Ágata,0,0.0,9.0,7.52,7.916666667,5.3,7.833333333,10.0,5.0,5.5,,-1,7.744032575800001,5.0,Ametista,1,1,0,False
RA-1054,2023,2024,Aluno-1054,1.0,,M,2023,7.459533333,Ametista,-2,8.5,8.6,7.52,7.5,6.6,7.836666667,5.0,5.0,8.2,,-1,6.985788509300001,5.0,Ágata,1,0,1,False
RA-1055,2023,2024,Aluno-1055,1.0,11.0,M,2023,5.9765,Quartzo,-1,0.0,7.2,7.52,7.291666667,5.5,7.276666667,5.0,6.0,5.0,,-2,6.403040909100001,5.0,Ágata,1,1,0,False
RA-1056,2023,2024,Aluno-1056,1.0,9.0,M,2023,8.551741667,Topázio,0,8.5,9.6,7.52,7.96875,8.1,8.113333333,10.0,7.8,8.3,,-1,8.192009523800001,5.0,Topázio,1,1,1,False
RA-1057,2023,2024,Aluno-1057,1.0,9.0,F,2023,8.4827,Topázio,0,10.0,10.0,7.52,8.125,6.3,8.34,10.0,6.5,6.0,,-1,8.2352,5.0,Topázio,1,1,1,False
RA-1058,2023,2024,Aluno-1058,1.0,,F,2023,7.356533333,Ametista,0,10.0,8.7,3.14,7.083333333,5.4,7.62,10.0,4.0,6.7,,-1,7.703347619,5.0,Ametista,1,1,0,False
RA-1059,2023,2024,Aluno-1059,1.0,,M,2023,7.763741667,Ametista,-1,10.0,9.8,2.52,7.96875,7.6,8.673333333,5.0,6.2,9.0,,0,8.678450000000002,10.0,Topázio,0,0,0,False
RA-106,2022,2023,Aluno-106,4.0,15.0,F,2016,7.973,Ametista,-1,9.2,8.0,9.4,,7.4,8.375,5.0,7.8,7.2,7.2,0,7.769658333,10.0,Ametista,0,0,1,False
RA-106,2023,2024,Aluno-106,5.0,15.0,F,2016,7.769658333,Ametista,0,7.9,9.1,5.0,7.03125,7.3,7.5075,10.0,6.7,6.8,8.3,0,7.721664285733334,10.0,Ametista,0,0,1,False
RA-1060,2023,2024,Aluno-1060,1.0,,M,2023,7.095741667,Ametista,-1,9.0,8.6,3.14,7.96875,5.7,8.673333333,5.0,4.3,7.0,,0,6.448416666600001,10.0,Ágata,0,0,1,False
RA-1061,2023,2024,Aluno-1061,1.0,10.0,M,2023,8.196533333,Topázio,-1,9.5,9.7,3.14,8.75,9.3,8.836666667,5.0,8.8,9.7,,0,8.76595,10.0,Topázio,0,0,0,False
RA-1062,2023,2024,Aluno-1062,1.0,,M,2023,7.448841667,Ametista,0,7.4,7.7,3.77,8.59375,6.2,8.503333333,10.0,4.8,7.5,,-1,7.6147238096,5.0,Ametista,1,1,0,False
RA-1063,2023,2024,Aluno-1063,1.0,,M,2023,7.490825,Ametista,-1,9.5,9.5,7.52,6.40625,5.9,7.89,5.0,4.7,7.0,,-1,7.279250000000001,5.0,Ametista,1,0,1,False
RA-1064,2023,2024,Aluno-1064,1.0,10.0,M,2023,8.4777,Topázio,-1,8.5,9.8,7.52,9.375,8.6,8.84,5.0,8.3,8.8,,0,8.9802350877,10.0,Topázio,0,0,0,False
RA-1065,2023,2024,Aluno-1065,1.0,,F,2023,8.03395,Topázio,-1,8.5,9.6,7.52,8.4375,7.0,8.84,5.0,7.7,6.3,,0,8.8634934783,10.0,Topázio,0,0,0,False
RA-1066,2023,2024,Aluno-1066,1.0,10.0,F,2023,7.262616667,Ametista,-1,8.5,6.6,7.52,8.4375,6.2,8.783333333,5.0,4.2,8.2,,0,7.9326223603,10.0,Ametista,0,0,0,False
RA-1067,2023,2024,Aluno-1067,1.0,10.0,M,2023,6.541458333,Ágata,-1,0.0,7.9,7.52,8.28125,5.4,9.006666667,5.0,4.5,6.3,,-1,7.840033333300001,5.0,Ametista,1,0,0,False
RA-1068,2023,2024,Aluno-1068,1.0,,M,2023,8.472533333,Topázio,-1,8.5,9.3,6.89,9.166666667,9.0,9.283333333,5.0,8.3,9.7,,0,9.0150030303,10.0,Topázio,0,0,0,False
RA-1069,2023,2024,Aluno-1069,1.0,11.0,M,2023,7.590033333,Ametista,-1,9.0,7.8,7.52,8.125,7.1,8.226666667,5.0,7.5,6.7,,0,7.678917391300001,10.0,Ametista,0,0,0,False
RA-107,2022,2023,Aluno-107,4.0,15.0,F,2018,6.258,Ágata,-1,7.5,6.4,7.5,,4.6,6.5,5.0,3.3,4.3,6.0,0,6.845208333,10.0,Ágata,0,0,0,False
RA-107,2023,2024,Aluno-107,5.0,15.0,F,2018,6.845208333,Ágata,0,0.0,8.5,5.0,7.34375,7.0,7.5875,10.0,6.0,5.2,9.7,-1,6.676130827066667,5.0,Ágata,1,1,1,False
RA-1070,2023,2024,Aluno-1070,1.0,11.0,M,2023,6.939033333,Ágata,-1,9.0,7.8,3.14,7.708333333,5.8,8.67,5.0,5.3,6.3,,-1,6.287171861500001,5.0,Ágata,1,0,1,False
RA-1071,2023,2024,Aluno-1071,1.0,11.0,M,2023,6.414033333,Ágata,-1,9.0,8.6,7.52,5.625,3.5,6.396666667,5.0,1.7,5.3,,-1,4.8048623378,5.0,Quartzo,1,0,1,False
RA-1072,2023,2024,Aluno-1072,2.0,11.0,M,2023,8.0152,Topázio,0,9.0,8.6,5.0,8.125,6.7,8.7125,10.0,5.2,8.2,,0,7.8153856754,10.0,Ametista,0,0,1,False
RA-1073,2023,2024,Aluno-1073,2.0,,F,2023,6.384333333,Ágata,-1,0.0,8.8,2.52,8.333333333,6.2,9.045,5.0,4.8,7.5,,0,7.0859945773333335,10.0,Ametista,0,0,0,False
RA-1075,2023,2024,Aluno-1075,2.0,12.0,F,2023,6.591333333,Ágata,-1,0.0,9.6,5.0,7.708333333,5.5,9.0025,5.0,5.0,6.0,,-1,6.8100812324,5.0,Ágata,1,0,0,False
RA-1076,2023,2024,Aluno-1076,2.0,,F,2023,7.901033333,Ametista,-1,9.0,9.7,2.52,8.333333333,8.5,8.8775,5.0,9.0,8.0,,0,7.479598365200001,10.0,Ametista,0,0,1,False
RA-1077,2023,2024,Aluno-1077,2.0,,M,2023,7.2115,Ametista,0,0.0,9.7,2.52,8.75,7.3,8.4225,10.0,6.8,7.8,,0,5.543865740733334,10.0,Quartzo,0,0,1,False
RA-1079,2023,2024,Aluno-1079,2.0,,M,2023,6.916533333,Ágata,-1,9.0,8.1,2.52,7.083333333,7.6,7.13,5.0,7.3,7.8,,0,5.4253413299333335,10.0,Quartzo,0,0,1,False
RA-108,2022,2023,Aluno-108,4.0,17.0,F,2019,5.547,Quartzo,-3,4.6,7.7,5.0,,5.0,6.125,2.5,3.0,5.8,6.2,-2,4.9308,5.0,Quartzo,1,0,1,False
RA-1081,2023,2024,Aluno-1081,2.0,14.0,F,2023,7.666033333,Ametista,-2,10.0,10.0,2.52,8.958333333,6.5,8.59,5.0,8.0,5.0,,0,8.5452952381,10.0,Topázio,0,0,0,False
RA-1082,2023,2024,Aluno-1082,2.0,,F,2023,7.1617,Ametista,-1,9.5,9.5,2.52,8.75,5.0,8.4225,5.0,3.5,6.5,,-1,6.6114857142,5.0,Ágata,1,0,1,False
RA-1084,2023,2024,Aluno-1084,2.0,11.0,F,2023,7.9948,Ametista,0,8.4,10.0,2.52,8.75,6.8,8.38,10.0,5.0,8.5,,0,6.9071109649333335,10.0,Ágata,0,0,1,False
RA-1087,2023,2024,Aluno-1087,2.0,12.0,F,2023,7.2067,Ametista,-1,10.0,9.5,2.52,8.75,5.4,8.0475,5.0,3.7,7.0,,0,6.913936532,10.0,Ágata,0,0,1,False
RA-1089,2023,2024,Aluno-1089,2.0,,F,2023,7.9947,Ametista,0,9.0,9.5,2.52,8.75,7.0,8.3375,10.0,6.0,8.0,,0,7.6221531746,10.0,Ametista,0,0,1,False
RA-109,2022,2023,Aluno-109,4.0,16.0,M,2021,8.512,Topázio,-2,8.8,10.0,8.8,,8.4,8.667,5.0,7.8,7.5,9.9,-1,8.3184,5.0,Topázio,1,0,1,False
RA-1090,2023,2024,Aluno-1090,2.0,13.0,M,2023,7.844033333,Ametista,-1,9.0,9.6,2.52,8.958333333,9.0,7.88,5.0,8.7,9.3,,0,7.7652831384,10.0,Ametista,0,0,1,False
RA-1093,2023,2024,Aluno-1093,2.0,11.0,M,2023,8.197533333,Topázio,0,7.0,9.3,2.52,8.958333333,9.2,8.2975,10.0,9.3,9.0,,0,8.5079027778,10.0,Topázio,0,0,0,False
RA-1094,2023,2024,Aluno-1094,2.0,11.0,F,2023,8.1779,Topázio,0,7.8,9.5,2.52,8.75,8.5,8.3375,10.0,7.8,9.2,,0,8.0164785714,10.0,Topázio,0,0,1,False
RA-1095,2023,2024,Aluno-1095,2.0,,M,2023,6.238,Ágata,-1,0.0,9.8,2.52,8.75,5.3,8.005,5.0,5.8,4.7,,0,6.108547514666667,10.0,Ágata,0,0,1,False
RA-1096,2023,2024,Aluno-1096,2.0,,F,2023,8.615533333,Topázio,0,9.5,9.9,2.52,8.958333333,9.6,8.0875,10.0,9.5,9.7,,1,9.189883333333334,10.0,Topázio,0,0,0,False
RA-1097,2023,2024,Aluno-1097,2.0,,M,2023,6.9547,Ágata,-2,9.5,8.6,5.0,8.125,5.4,6.96,5.0,4.3,6.5,,-1,5.475324895633334,5.0,Quartzo,1,0,1,False
RA-1098,2023,2024,Aluno-1098,2.0,13.0,F,2023,7.2787,Ametista,-1,9.5,9.5,2.52,8.125,6.4,7.92,5.0,6.3,6.5,,0,6.5744562514,10.0,Ágata,0,0,1,False
RA-1099,2023,2024,Aluno-1099,2.0,13.0,F,2023,7.113533333,Ametista,-1,9.0,9.6,2.52,8.333333333,5.2,8.34,5.0,5.7,4.7,,0,7.332483333333334,10.0,Ametista,0,0,0,False
RA-110,2022,2023,Aluno-110,4.0,14.0,M,2017,8.15,Topázio,0,9.2,9.7,5.6,,6.7,8.0,10.0,8.3,5.7,6.0,0,8.0879,10.0,Topázio,0,0,1,False
RA-110,2023,2024,Aluno-110,5.0,15.0,M,2017,8.0879,Topázio,0,8.3,8.6,5.0,8.75,7.5,8.2975,10.0,8.3,6.2,8.0,0,8.6324939394,10.0,Topázio,0,0,0,False
RA-1100,2023,2024,Aluno-1100,2.0,,M,2023,8.261033333,Topázio,0,10.0,9.2,5.0,8.541666667,7.1,8.283333333,10.0,6.3,7.8,,1,6.649708333333334,10.0,Ágata,0,0,1,False
RA-1102,2023,2024,Aluno-1102,2.0,,M,2023,8.123033333,Topázio,0,9.5,9.5,5.0,7.708333333,7.5,7.56,10.0,5.7,9.2,,1,8.440611904733334,10.0,Topázio,0,0,0,False
RA-1103,2023,2024,Aluno-1103,2.0,10.0,M,2023,7.574866667,Ametista,0,9.0,8.7,5.0,8.333333333,5.0,8.006666667,10.0,4.5,5.5,,0,7.861995031000001,10.0,Ametista,0,0,0,False
RA-1106,2023,2024,Aluno-1106,2.0,12.0,M,2023,7.1642,Ametista,-1,8.5,9.3,5.0,8.333333333,5.1,8.003333333,5.0,5.2,5.0,,0,5.936272086266667,10.0,Quartzo,0,0,1,False
RA-1107,2023,2024,Aluno-1107,2.0,12.0,F,2023,7.9327,Ametista,-1,9.0,9.4,5.0,8.958333333,7.5,8.783333333,5.0,8.0,7.0,,0,5.9731,10.0,Quartzo,0,0,1,False
RA-1108,2023,2024,Aluno-1108,2.0,12.0,M,2023,6.310833333,Ágata,-1,0.0,9.3,5.0,8.541666667,4.7,8.283333333,5.0,3.7,5.7,,0,6.017215010400001,10.0,Ágata,0,0,1,False
RA-111,2022,2023,Aluno-111,4.0,13.0,F,2020,8.646,Topázio,1,7.5,9.4,8.1,,8.0,8.667,10.0,6.7,7.5,9.7,1,7.566458333,10.0,Ametista,0,0,1,False
RA-111,2023,2024,Aluno-111,5.0,14.0,F,2020,7.566458333,Ametista,1,7.5,8.7,5.0,7.65625,6.0,8.0875,10.0,6.0,5.2,6.7,0,8.667693939400001,10.0,Topázio,0,1,0,False
RA-1111,2023,2024,Aluno-1111,2.0,,F,2023,6.559166667,Ágata,0,0.0,8.9,2.52,8.125,5.4,8.173333333,10.0,4.8,6.0,,1,6.116032815733334,10.0,Ágata,0,0,1,False
RA-1112,2023,2024,Aluno-1112,2.0,12.0,M,2023,7.088866667,Ametista,-1,9.5,7.9,2.52,8.333333333,6.3,8.616666667,5.0,5.2,7.3,,0,6.856082394,10.0,Ágata,0,0,1,False
RA-1114,2023,2024,Aluno-1114,2.0,11.0,F,2023,7.5667,Ametista,0,8.5,9.8,2.52,8.125,4.9,8.56,10.0,4.3,5.5,,0,7.437466666666667,10.0,Ametista,0,0,1,False
RA-1115,2023,2024,Aluno-1115,2.0,,F,2023,6.474,Ágata,0,0.0,8.3,7.52,7.5,4.0,7.56,10.0,6.0,2.0,,0,6.570068686900001,10.0,Ágata,0,0,0,False
RA-1116,2023,2024,Aluno-1116,2.0,13.0,M,2023,6.956533333,Ágata,-1,9.5,9.2,5.0,7.083333333,4.9,7.39,5.0,3.8,6.0,,-1,3.7894777778,5.0,Quartzo,1,0,1,False
RA-1117,2023,2024,Aluno-1117,2.0,,F,2023,8.382366667,Topázio,0,9.0,9.6,7.52,7.708333333,7.3,7.946666667,10.0,6.0,8.5,,1,7.601562962866668,10.0,Ametista,0,0,1,False
RA-1118,2023,2024,Aluno-1118,2.0,,F,2023,7.163833333,Ametista,-1,5.3,8.8,7.52,7.708333333,6.0,8.28,5.0,4.8,7.2,,0,7.0305545924,10.0,Ametista,0,0,1,False
RA-1119,2023,2024,Aluno-1119,2.0,13.0,F,2023,7.192,Ametista,-1,7.3,9.7,3.77,7.708333333,5.9,8.453333333,5.0,3.0,8.8,,-1,7.388266666666667,5.0,Ametista,1,0,0,False
RA-112,2022,2023,Aluno-112,4.0,15.0,F,2016,7.836,Ametista,-1,7.9,7.8,6.3,,8.5,8.833,5.0,9.0,7.5,9.1,-1,7.141308333,5.0,Ametista,1,0,1,False
RA-112,2023,2024,Aluno-112,5.0,,F,2016,7.141308333,Ametista,-1,6.7,8.1,5.0,7.96875,7.4,7.9225,5.0,7.3,6.5,8.3,0,8.052609920666667,10.0,Topázio,0,0,0,False
RA-1121,2023,2024,Aluno-1121,2.0,,M,2023,8.049,Topázio,0,0.0,9.9,6.26,8.75,8.0,9.84,10.0,6.5,9.5,,0,8.407166666633334,10.0,Topázio,0,0,0,False
RA-1122,2023,2024,Aluno-1122,2.0,11.0,M,2023,7.3715,Ametista,0,0.0,9.3,6.89,7.291666667,6.9,8.616666667,10.0,5.2,8.5,,1,7.817322222166666,10.0,Ametista,0,0,0,False
RA-1127,2023,2024,Aluno-1127,2.0,,F,2023,8.3167,Topázio,0,8.5,9.9,5.02,8.125,6.9,9.01,10.0,5.0,8.7,,0,8.180966666666668,10.0,Topázio,0,0,1,False
RA-1129,2023,2024,Aluno-1129,2.0,11.0,M,2023,7.309333333,Ametista,0,0.0,9.2,6.27,7.916666667,7.8,7.503333333,10.0,6.8,8.7,,0,7.360417647066668,10.0,Ametista,0,0,0,False
RA-1130,2023,2024,Aluno-1130,2.0,11.0,M,2023,8.0037,Topázio,0,8.5,8.4,7.52,7.708333333,7.3,7.503333333,10.0,6.3,8.2,,0,6.563952941199999,10.0,Ágata,0,0,1,False
RA-1131,2023,2024,Aluno-1131,2.0,12.0,F,2023,8.316133333,Topázio,-1,7.9,9.9,5.02,8.75,9.1,9.286666667,5.0,8.3,9.8,,0,8.2889555555,10.0,Topázio,0,0,1,False
RA-1133,2023,2024,Aluno-1133,2.0,10.0,F,2023,8.600033333,Topázio,0,9.5,10.0,6.27,8.541666667,6.5,9.343333333,10.0,5.0,8.0,,1,8.238553968266668,10.0,Topázio,0,0,1,False
RA-1134,2023,2024,Aluno-1134,2.0,11.0,M,2023,7.769866667,Ametista,0,8.0,9.7,3.76,7.916666667,6.8,7.56,10.0,5.5,8.0,,0,7.7564571427,10.0,Ametista,0,0,1,False
RA-1136,2023,2024,Aluno-1136,2.0,13.0,F,2023,6.7351,Ágata,-1,6.8,8.1,2.52,8.333333333,6.6,7.723333333,5.0,4.8,8.3,,-1,5.458179831866667,5.0,Quartzo,1,0,1,False
RA-1137,2023,2024,Aluno-1137,2.0,10.0,F,2023,8.743366667,Topázio,0,9.5,9.8,6.27,9.375,6.5,9.843333333,10.0,6.0,7.0,,1,7.183752652466668,10.0,Ametista,0,0,1,False
RA-1139,2023,2024,Aluno-1139,2.0,11.0,M,2023,7.6647,Ametista,0,8.5,9.1,5.64,8.125,5.3,7.79,10.0,6.3,4.3,,1,6.906276357600001,10.0,Ágata,0,0,1,False
RA-114,2022,2023,Aluno-114,4.0,16.0,M,2022,5.894,Quartzo,-2,7.9,6.3,7.5,,5.3,5.0,5.0,6.0,4.5,,-2,5.335,5.0,Quartzo,1,0,1,False
RA-1140,2023,2024,Aluno-1140,2.0,11.0,F,2023,7.703533333,Ametista,0,4.7,8.7,7.52,7.708333333,7.3,7.62,10.0,8.5,6.0,,0,7.3473880383,10.0,Ametista,0,0,1,False
RA-1141,2023,2024,Aluno-1141,2.0,12.0,F,2023,7.2757,Ametista,-1,9.0,8.8,7.52,7.708333333,5.9,7.113333333,5.0,5.5,6.2,,0,6.793890866866667,10.0,Ágata,0,0,1,False
RA-1142,2023,2024,Aluno-1142,2.0,11.0,F,2023,9.175033333,Topázio,0,9.0,10.0,7.52,8.541666667,10.0,8.343333333,10.0,10.0,10.0,,0,8.390566666666668,10.0,Topázio,0,0,1,False
RA-1143,2023,2024,Aluno-1143,3.0,15.0,F,2023,6.445933333,Ágata,-2,8.8,7.0,6.26,7.5,5.3,6.2075,5.0,6.0,6.3,3.5,-3,5.881225668333334,2.5,Quartzo,1,1,1,False
RA-1146,2023,2024,Aluno-1146,3.0,14.0,F,2023,6.689583333,Ágata,-1,9.6,8.8,6.26,7.1875,3.7,6.965,5.0,5.0,3.3,2.7,-2,5.3933086048000005,5.0,Quartzo,1,1,1,False
RA-1147,2023,2024,Aluno-1147,3.0,,F,2023,7.072983333,Ametista,-1,8.3,8.3,6.26,7.1875,6.7,7.0075,5.0,5.0,7.5,7.5,-1,5.833118518533334,5.0,Quartzo,1,0,1,False
RA-1149,2023,2024,Aluno-1149,3.0,,F,2023,7.410108333,Ametista,-1,8.3,9.8,2.52,7.96875,7.2,8.1725,5.0,6.0,6.8,8.7,-1,8.1371,5.0,Topázio,1,0,0,False
RA-115,2022,2023,Aluno-115,4.0,16.0,F,2019,5.886,Quartzo,-2,8.3,6.8,6.3,,3.8,5.583,5.0,3.0,5.7,2.7,-1,6.319141667,5.0,Ágata,1,0,0,False
RA-115,2023,2024,Aluno-115,5.0,16.0,F,2019,6.319141667,Ágata,-1,8.8,7.1,5.0,7.34375,4.2,7.215,5.0,3.7,3.8,5.2,-2,5.404184695733334,5.0,Quartzo,1,1,1,False
RA-1150,2023,2024,Aluno-1150,3.0,16.0,M,2023,7.076008333,Ametista,-3,9.2,9.8,2.52,7.96875,6.7,7.835,2.5,7.0,6.5,6.5,-2,7.1023212964,5.0,Ametista,1,0,0,False
RA-1151,2023,2024,Aluno-1151,3.0,,F,2023,7.829958333,Ametista,0,7.5,9.5,2.52,7.65625,8.3,7.545,10.0,7.3,8.8,8.7,1,8.749111111066668,10.0,Topázio,0,0,0,False
RA-1153,2023,2024,Aluno-1153,3.0,14.0,F,2023,7.968658333,Ametista,-1,7.9,10.0,7.52,7.65625,7.2,8.63,5.0,6.7,7.8,7.0,-1,8.268876190466667,5.0,Topázio,1,0,0,False
RA-1154,2023,2024,Aluno-1154,3.0,13.0,M,2023,7.701125,Ametista,0,9.6,9.3,5.63,7.65625,5.1,7.67,10.0,5.3,5.0,5.0,-1,7.566075,5.0,Ametista,1,1,1,False
RA-1155,2023,2024,Aluno-1155,3.0,14.0,F,2023,7.821633333,Ametista,-1,9.2,9.2,5.63,7.5,8.0,8.2925,5.0,6.7,8.2,9.0,-1,7.119011111133333,5.0,Ametista,1,0,1,False
RA-1156,2023,2024,Aluno-1156,3.0,12.0,F,2023,7.340775,Ametista,0,8.3,9.2,2.52,7.96875,5.3,7.7925,10.0,6.2,6.0,3.7,1,6.6777135642,10.0,Ágata,0,0,1,False
RA-1157,2023,2024,Aluno-1157,3.0,14.0,M,2023,7.086633333,Ametista,-1,9.2,8.8,6.26,7.5,5.7,7.0025,5.0,5.0,6.3,5.7,-1,7.916082936533334,5.0,Ametista,1,0,0,False
RA-116,2022,2023,Aluno-116,4.0,16.0,F,2019,6.854,Ágata,-2,5.8,8.1,6.3,,5.9,7.792,5.0,5.0,7.2,5.5,-2,6.433075,5.0,Ágata,1,0,1,False
RA-116,2023,2024,Aluno-116,5.0,17.0,F,2019,6.433075,Ágata,-2,6.7,7.6,5.0,7.96875,4.7,7.5475,5.0,2.3,5.0,6.8,-2,6.337470707133334,5.0,Ágata,1,0,1,False
RA-1160,2023,2024,Aluno-1160,3.0,,M,2023,6.636166667,Ágata,0,9.6,8.7,2.52,6.875,2.7,7.2575,10.0,4.8,2.7,0.7,-1,6.274190982333334,5.0,Ágata,1,1,1,False
RA-1162,2023,2024,Aluno-1162,3.0,13.0,F,2023,7.44215,Ametista,0,8.3,8.5,3.77,7.8125,6.0,7.7525,10.0,7.3,5.5,5.2,0,7.473167836266667,10.0,Ametista,0,0,0,False
RA-1163,2023,2024,Aluno-1163,3.0,14.0,M,2023,7.749391667,Ametista,-1,8.8,9.3,7.52,7.65625,7.2,7.75,5.0,7.0,6.7,8.0,0,8.6794789474,10.0,Topázio,0,0,0,False
RA-1165,2023,2024,Aluno-1165,3.0,12.0,F,2023,7.880716667,Ametista,0,9.2,9.1,5.0,7.1875,7.3,7.2925,10.0,7.0,6.0,9.0,0,7.908044272466667,10.0,Ametista,0,0,0,False
RA-1166,2023,2024,Aluno-1166,3.0,15.0,F,2023,7.307858333,Ametista,-2,8.3,9.6,7.52,7.65625,4.8,7.9175,5.0,5.3,2.8,6.2,-1,7.452799122766667,5.0,Ametista,1,0,0,False
RA-1168,2023,2024,Aluno-1168,3.0,13.0,F,2023,5.886625,Quartzo,0,0.0,8.8,2.52,7.65625,3.5,7.045,10.0,5.0,2.0,3.5,-1,6.864053921600001,5.0,Ágata,1,1,0,False
RA-1169,2023,2024,Aluno-1169,3.0,,F,2023,7.213625,Ametista,-1,7.5,9.5,5.0,7.03125,6.3,8.0025,5.0,6.8,7.3,4.8,-1,6.885305555533334,5.0,Ágata,1,0,1,False
RA-1170,2023,2024,Aluno-1170,3.0,,M,2023,6.874683333,Ágata,-1,8.8,7.7,7.52,7.1875,5.9,6.5775,5.0,6.0,6.8,4.8,-2,6.095440873,5.0,Ágata,1,1,1,False
RA-1171,2023,2024,Aluno-1171,3.0,14.0,M,2023,7.856033333,Ametista,-1,7.9,8.4,5.0,8.75,8.7,8.88,5.0,7.3,9.0,9.7,-1,7.6236817459,5.0,Ametista,1,0,1,False
RA-1172,2023,2024,Aluno-1172,4.0,16.0,F,2023,7.030108333,Ametista,-2,8.3,7.8,2.52,8.59375,6.7,8.46,5.0,6.0,5.7,8.3,-1,5.719565079333334,5.0,Quartzo,1,0,1,False
RA-1173,2023,2024,Aluno-1173,4.0,14.0,M,2023,7.67285,Ametista,0,8.8,9.7,2.52,7.8125,6.0,8.1225,10.0,7.0,5.0,6.0,0,8.220132915666667,10.0,Topázio,0,0,0,False
RA-1174,2023,2024,Aluno-1174,4.0,15.0,F,2023,7.333591667,Ametista,-1,9.2,8.7,2.52,8.90625,6.8,8.3375,5.0,6.5,7.2,6.8,0,7.374213419866667,10.0,Ametista,0,0,0,False
RA-1176,2023,2024,Aluno-1176,4.0,13.0,M,2023,8.881483333,Topázio,1,8.3,9.3,7.52,9.6875,8.2,9.17,10.0,8.0,7.8,8.7,1,8.914816269866666,10.0,Topázio,0,0,0,False
RA-1177,2023,2024,Aluno-1177,4.0,14.0,F,2023,8.345491667,Topázio,0,10.0,9.9,2.52,8.90625,7.2,8.88,10.0,7.0,6.7,8.0,0,8.3233039474,10.0,Topázio,0,0,1,False
RA-1178,2023,2024,Aluno-1178,4.0,,M,2023,7.066475,Ametista,-2,8.8,9.3,2.52,7.96875,5.7,8.2125,5.0,6.3,4.5,6.3,-1,8.0934746032,5.0,Topázio,1,0,0,False
RA-1181,2023,2024,Aluno-1181,4.0,,F,2023,6.971266667,Ágata,0,8.8,8.3,2.52,7.5,4.8,7.3375,10.0,5.7,4.3,4.5,0,6.2015816738666665,10.0,Ágata,0,0,1,False
RA-1184,2023,2024,Aluno-1184,4.0,,M,2023,7.381566667,Ametista,-2,8.3,8.3,5.0,8.125,7.3,8.045,5.0,8.0,5.5,8.5,-1,7.411701731566668,5.0,Ametista,1,0,0,False
RA-1188,2023,2024,Aluno-1188,4.0,15.0,F,2023,,,-1,9.6,9.4,,7.8125,6.4,7.5875,5.0,6.5,7.5,5.2,-1,7.801633333400001,5.0,Ametista,1,0,0,False
RA-1189,2023,2024,Aluno-1189,4.0,,F,2023,,,-1,8.8,9.0,,7.8125,6.1,7.3775,5.0,6.3,5.7,6.2,-1,7.6486387164,5.0,Ametista,1,0,0,False
RA-119,2022,2023,Aluno-119,4.0,14.0,F,2016,7.501,Ametista,0,8.3,8.2,5.6,,5.4,7.875,10.0,5.7,7.0,3.4,2,,10.0,,0,0,0,False
RA-119,2023,2024,Aluno-119,7.0,15.0,F,2016,,,2,6.7,,2.52,,,,10.0,,,,1,8.085299999933333,10.0,Topázio,0,1,0,False
RA-1193,2023,2024,Aluno-1193,4.0,,F,2023,6.018083333,Ágata,0,0.0,7.8,5.0,7.1875,4.1,7.13,10.0,3.7,3.5,5.0,-1,6.6304815790000005,5.0,Ágata,1,1,0,False
RA-1195,2023,2024,Aluno-1195,4.0,,F,2022,5.677291667,Quartzo,-3,0.0,8.3,2.52,8.28125,5.4,8.0025,2.5,4.3,4.7,7.3,-2,7.508514492666666,5.0,Ametista,1,0,0,False
RA-1198,2023,2024,Aluno-1198,5.0,,F,2023,7.515233333,Ametista,-1,8.3,9.4,6.26,7.5,6.7,7.9625,5.0,7.3,3.7,9.0,-1,6.9217748918,5.0,Ágata,1,0,1,False
RA-1199,2023,2024,Aluno-1199,5.0,,M,2023,7.024933333,Ametista,-2,6.7,9.1,5.0,6.875,6.2,8.0875,5.0,6.8,5.0,6.7,-2,7.614235714266666,5.0,Ametista,1,0,0,False
RA-12,2022,2023,Aluno-12,7.0,17.0,F,2020,4.832,Quartzo,0,0.0,4.0,6.9,,1.5,6.389,10.0,2.7,1.1,0.7,0,,10.0,,0,0,0,False
RA-12,2023,2024,Aluno-12,8.0,18.0,F,2020,,,0,,,,,,,10.0,,,,0,,10.0,,0,0,0,False
RA-1200,2023,2024,Aluno-1200,5.0,15.0,F,2023,5.711166667,Quartzo,0,0.0,6.4,5.0,7.5,4.0,6.8725,10.0,4.3,2.3,5.5,-1,5.6415838956,5.0,Quartzo,1,1,1,False
RA-1201,2023,2024,Aluno-1201,5.0,15.0,M,2023,8.378008333,Topázio,0,9.2,9.6,3.77,8.59375,7.8,8.7575,10.0,8.3,6.5,8.5,-1,8.376195238033333,5.0,Topázio,1,1,1,False
RA-1203,2023,2024,Aluno-1203,5.0,,F,2023,7.487841667,Ametista,-1,9.2,10.0,2.52,7.96875,7.2,7.8775,5.0,6.7,5.8,9.2,0,8.9495245614,10.0,Topázio,0,0,0,False
RA-1207,2023,2024,Aluno-1207,5.0,,F,2023,7.58235,Ametista,0,8.8,9.0,5.0,7.8125,5.5,7.63,10.0,5.0,4.0,7.5,-1,6.509169736866667,5.0,Ágata,1,1,1,False
RA-121,2022,2023,Aluno-121,4.0,16.0,F,2021,7.245,Ametista,-2,7.1,8.4,6.3,,7.2,7.625,5.0,5.7,6.8,9.0,-1,6.811875,5.0,Ágata,1,0,1,False
RA-121,2023,2024,Aluno-121,5.0,,F,2021,6.811875,Ágata,-1,6.3,8.8,5.0,7.34375,6.0,7.4625,5.0,5.0,5.7,7.3,-2,7.476158297266668,5.0,Ametista,1,1,0,False
RA-1210,2023,2024,Aluno-1210,5.0,16.0,F,2023,7.171083333,Ametista,-1,9.6,9.4,5.0,7.8125,4.7,8.09,5.0,5.0,2.0,7.0,0,8.2302,10.0,Topázio,0,0,0,False
RA-1214,2023,2024,Aluno-1214,6.0,16.0,M,2023,8.378666667,Topázio,0,9.6,9.8,6.89,7.5,7.4,7.6725,10.0,8.0,5.0,9.3,0,8.5902971362,10.0,Topázio,0,0,0,False
RA-1216,2023,2024,Aluno-1216,6.0,19.0,F,2023,7.7105,Ametista,-2,9.6,9.0,5.63,7.5,7.9,7.795,5.0,8.7,5.3,9.7,0,,10.0,,0,0,0,False
RA-1220,2023,2024,Aluno-1220,6.0,17.0,F,2023,6.46725,Ágata,-1,0.0,9.0,5.0,7.8125,6.8,7.63,5.0,8.8,5.3,6.3,-1,7.143244444466667,5.0,Ametista,1,0,0,False
RA-1221,2023,2024,Aluno-1221,7.0,22.0,F,2023,8.027466667,Topázio,-1,9.2,9.1,6.26,8.0,8.7,8.09,5.0,8.2,8.0,10.0,0,,10.0,,0,0,0,False
RA-1224,2023,2024,Aluno-1224,7.0,,M,2023,7.5524,Ametista,-1,8.3,9.4,5.0,7.125,8.0,7.6325,5.0,8.2,6.3,9.5,0,,10.0,,0,0,0,False
RA-1225,2023,2024,Aluno-1225,7.0,18.0,F,2023,,,-1,7.5,,2.52,,,,5.0,,,,0,,10.0,,0,0,0,False
RA-1226,2023,2024,Aluno-1226,7.0,,F,2023,,,1,9.2,,7.52,,,,10.0,,,,0,7.785233333333334,10.0,Ametista,0,1,0,False
RA-1227,2023,2024,Aluno-1227,7.0,16.0,F,2023,,,1,9.2,,2.52,,,,10.0,,,,0,4.8446,10.0,Quartzo,0,1,0,False
RA-1228,2023,2024,Aluno-1228,7.0,17.0,F,2023,,,0,7.5,,2.52,,,,10.0,,,,0,4.8761,10.0,Quartzo,0,0,0,False
RA-1229,2023,2024,Aluno-1229,7.0,,F,2023,,,1,8.3,,7.52,,,,10.0,,,,0,4.8238,10.0,Quartzo,0,1,0,False
RA-123,2022,2023,Aluno-123,4.0,16.0,M,2017,7.084,Ametista,-2,7.9,8.6,5.6,,6.5,7.292,5.0,7.3,6.3,5.9,-2,6.068333333,5.0,Ágata,1,0,1,False
RA-123,2023,2024,Aluno-123,5.0,17.0,M,2017,6.068333333,Ágata,-2,0.0,9.4,5.0,6.875,5.7,6.8375,5.0,5.0,5.3,6.7,-1,6.887248015866668,5.0,Ágata,1,0,0,False
RA-1230,2023,2024,Aluno-1230,7.0,16.0,F,2021,,,1,0.0,,2.52,,,,10.0,,,,0,4.7612000000000005,10.0,Quartzo,0,1,0,False
RA-1231,2023,2024,Aluno-1231,8.0,22.0,M,2021,,,0,,,,,,,10.0,,,,1,,10.0,,0,0,0,False
RA-1232,2023,2024,Aluno-1232,8.0,21.0,M,2021,,,0,,,,,,,10.0,,,,1,,10.0,,0,0,0,False
RA-1233,2023,2024,Aluno-1233,8.0,22.0,F,2021,,,0,,,,,,,10.0,,,,1,,10.0,,0,0,0,False
RA-1234,2023,2024,Aluno-1234,8.0,,F,2021,,,0,,,,,,,10.0,,,,0,,10.0,,0,0,0,False
RA-1235,2023,2024,Aluno-1235,8.0,21.0,M,2021,,,0,,,,,,,10.0,,,,1,,10.0,,0,0,0,False
RA-1236,2023,2024,Aluno-1236,8.0,21.0,F,2021,,,0,,,,,,,10.0,,,,0,,10.0,,0,0,0,False
RA-1237,2023,2024,Aluno-1237,8.0,,F,2021,,,0,,,,,,,10.0,,,,1,,10.0,,0,0,0,False
RA-1238,2023,2024,Aluno-1238,8.0,21.0,F,2021,,,0,,,,,,,10.0,,,,1,,10.0,,0,0,0,False
RA-1239,2023,2024,Aluno-1239,8.0,,F,2021,,,0,,,,,,,10.0,,,,0,,10.0,,0,0,0,False
RA-1240,2023,2024,Aluno-1240,8.0,20.0,M,2021,,,0,,,,,,,10.0,,,,0,,10.0,,0,0,0,False
RA-1241,2023,2024,Aluno-1241,8.0,,F,2021,,,0,,,,,,,10.0,,,,0,,10.0,,0,0,0,False
RA-1242,2023,2024,Aluno-1242,8.0,19.0,F,2021,,,0,,,,,,,10.0,,,,0,,10.0,,0,0,0,False
RA-1244,2023,2024,Aluno-1244,8.0,20.0,F,2021,,,0,,,,,,,10.0,,,,0,,10.0,,0,0,0,False
RA-1245,2023,2024,Aluno-1245,8.0,,M,2021,,,0,,,,,,,10.0,,,,0,,10.0,,0,0,0,False
RA-1246,2023,2024,Aluno-1246,8.0,20.0,F,2021,,,0,,,,,,,10.0,,,,0,,10.0,,0,0,0,False
RA-1248,2023,2024,Aluno-1248,8.0,20.0,M,2021,,,0,,,,,,,10.0,,,,0,,10.0,,0,0,0,False
RA-1249,2023,2024,Aluno-1249,8.0,,M,2021,,,0,,,,,,,10.0,,,,0,,10.0,,0,0,0,False
RA-125,2022,2023,Aluno-125,4.0,15.0,F,2022,7.619,Ametista,-1,8.8,8.5,7.5,,7.1,7.75,5.0,5.0,7.2,9.2,-1,6.989633333,5.0,Ágata,1,0,1,False
RA-125,2023,2024,Aluno-125,5.0,16.0,F,2022,6.989633333,Ágata,-1,9.2,7.7,5.0,8.125,5.8,7.835,5.0,3.3,5.8,8.2,-1,6.627079761933334,5.0,Ágata,1,0,1,False
RA-1250,2023,2024,Aluno-1250,8.0,,M,2021,,,0,,,,,,,10.0,,,,0,,10.0,,0,0,0,False
RA-1251,2023,2024,Aluno-1251,8.0,20.0,F,2021,,,0,,,,,,,10.0,,,,0,,10.0,,0,0,0,False
RA-1252,2023,2024,Aluno-1252,8.0,,F,2021,,,0,,,,,,,10.0,,,,1,,10.0,,0,0,0,False
RA-1253,2023,2024,Aluno-1253,8.0,23.0,F,2021,,,0,,,,,,,10.0,,,,0,,10.0,,0,0,0,False
RA-1254,2023,2024,Aluno-1254,8.0,19.0,M,2021,,,0,,,,,,,10.0,,,,1,,10.0,,0,0,0,False
RA-1255,2023,2024,Aluno-1255,8.0,,M,2021,,,0,,,,,,,10.0,,,,0,,10.0,,0,0,0,False
RA-1256,2023,2024,Aluno-1256,8.0,18.0,F,2021,,,0,,,,,,,10.0,,,,0,,10.0,,0,0,0,False
RA-1257,2023,2024,Aluno-1257,8.0,18.0,M,2021,,,0,,,,,,,10.0,,,,0,,10.0,,0,0,0,False
RA-1258,2023,2024,Aluno-1258,8.0,24.0,M,2021,,,0,,,,,,,10.0,,,,1,,10.0,,0,0,0,False
RA-1259,2023,2024,Aluno-1259,8.0,,F,2021,,,0,,,,,,,10.0,,,,0,,10.0,,0,0,0,False
RA-1260,2023,2024,Aluno-1260,8.0,,M,2021,,,0,,,,,,,10.0,,,,1,,10.0,,0,0,0,False
RA-1261,2023,2024,Aluno-1261,8.0,,F,2021,,,0,,,,,,,10.0,,,,0,,10.0,,0,0,0,False
RA-1262,2023,2024,Aluno-1262,8.0,19.0,F,2021,,,0,,,,,,,10.0,,,,0,,10.0,,0,0,0,False
RA-1263,2023,2024,Aluno-1263,8.0,,F,2021,,,0,,,,,,,10.0,,,,0,,10.0,,0,0,0,False
RA-1264,2023,2024,Aluno-1264,8.0,,F,2021,,,0,,,,,,,10.0,,,,0,,10.0,,0,0,0,False
RA-1265,2023,2024,Aluno-1265,8.0,,M,2022,,,0,,,,,,,10.0,,,,0,,10.0,,0,0,0,False
RA-1266,2023,2024,Aluno-1266,8.0,,F,2021,,,0,,,,,,,10.0,,,,1,,10.0,,0,0,0,False
RA-1267,2023,2024,Aluno-1267,8.0,22.0,F,2021,,,0,,,,,,,10.0,,,,1,,10.0,,0,0,0,False
RA-1268,2023,2024,Aluno-1268,8.0,19.0,M,2021,,,0,,,,,,,10.0,,,,1,,10.0,,0,0,0,False
RA-1269,2023,2024,Aluno-1269,8.0,18.0,F,2021,,,0,,,,,,,10.0,,,,0,,10.0,,0,0,0,False
RA-127,2022,2023,Aluno-127,4.0,14.0,F,2022,8.283,Topázio,0,7.5,8.7,7.5,,7.9,8.125,10.0,7.7,7.7,8.3,0,7.91935,10.0,Ametista,0,0,1,False
RA-127,2023,2024,Aluno-127,5.0,15.0,F,2022,7.91935,Ametista,0,8.8,7.8,6.26,8.4375,6.4,8.6725,10.0,4.7,6.3,8.2,0,8.5605939394,10.0,Topázio,0,0,0,False
RA-1270,2023,2024,Aluno-1270,8.0,19.0,F,2021,,,0,,,,,,,10.0,,,,0,,10.0,,0,0,0,False
RA-1271,2023,2024,Aluno-1271,8.0,18.0,F,2021,,,0,,,,,,,10.0,,,,0,,10.0,,0,0,0,False
RA-1272,2023,2024,Aluno-1272,8.0,,F,2021,,,0,,,,,,,10.0,,,,0,,10.0,,0,0,0,False
RA-1273,2023,2024,Aluno-1273,8.0,17.0,F,2023,,,1,,,,,,,10.0,,,,0,,10.0,,0,1,0,False
RA-1274,2023,2024,Aluno-1274,8.0,,F,2021,,,0,,,,,,,10.0,,,,0,,10.0,,0,0,0,False
RA-128,2022,2023,Aluno-128,4.0,15.0,M,2019,5.563,Quartzo,-1,0.0,6.2,7.5,,5.6,6.167,5.0,6.7,6.8,3.2,-1,6.503908333,5.0,Ágata,1,0,0,False
RA-13,2022,2023,Aluno-13,7.0,18.0,M,2016,6.902,Ágata,-1,7.9,7.4,7.5,,4.7,8.056,5.0,3.5,5.5,5.2,0,,10.0,,0,0,0,False
RA-13,2023,2024,Aluno-13,8.0,18.0,M,2016,,,0,,,,,,,10.0,,,,0,,10.0,,0,0,0,False
RA-131,2022,2023,Aluno-131,4.0,15.0,F,2016,7.174,Ametista,-1,8.8,9.0,5.6,,5.6,7.75,5.0,6.0,6.5,4.2,-1,5.952358333,5.0,Quartzo,1,0,1,False
RA-131,2023,2024,Aluno-131,5.0,16.0,F,2016,5.952358333,Quartzo,-1,8.3,7.8,5.0,7.65625,2.2,6.8,5.0,0.0,3.0,3.5,-2,7.263155555633333,5.0,Ametista,1,1,0,False
RA-132,2022,2023,Aluno-132,4.0,14.0,F,2019,8.355,Topázio,0,10.0,8.8,5.6,,7.7,8.458,10.0,6.5,7.5,9.1,0,7.350625,10.0,Ametista,0,0,1,False
RA-132,2023,2024,Aluno-132,5.0,15.0,F,2019,7.350625,Ametista,0,7.5,8.7,2.52,7.65625,6.5,7.715,10.0,6.3,6.5,6.7,0,8.4746321428,10.0,Topázio,0,0,0,False
RA-133,2022,2023,Aluno-133,4.0,15.0,F,2016,6.875,Ágata,-1,7.9,7.1,7.5,,5.6,7.625,5.0,4.7,7.2,5.0,-1,6.168416667,5.0,Ágata,1,0,1,False
RA-137,2022,2023,Aluno-137,4.0,17.0,F,2016,7.056,Ametista,-3,7.5,8.9,5.0,,7.3,7.792,2.5,6.0,7.3,8.5,-2,5.937025,5.0,Quartzo,1,0,1,False
RA-137,2023,2024,Aluno-137,5.0,17.0,F,2016,5.937025,Quartzo,-2,7.1,6.3,2.52,6.40625,6.0,6.88,5.0,7.3,4.5,6.2,-2,6.576761183366667,5.0,Ágata,1,0,0,False
RA-138,2022,2023,Aluno-138,4.0,15.0,M,2016,6.738,Ágata,-1,9.6,8.0,5.6,,5.6,6.375,5.0,5.0,6.5,5.2,-2,6.784075,5.0,Ágata,1,1,0,False
RA-138,2023,2024,Aluno-138,4.0,16.0,M,2016,6.784075,Ágata,-2,10.0,7.9,6.26,7.34375,4.3,7.4175,5.0,4.0,3.7,5.2,-2,7.3860274169,5.0,Ametista,1,0,0,False
RA-14,2022,2023,Aluno-14,7.0,21.0,M,2022,6.793,Ágata,-1,7.9,8.3,7.5,,4.0,7.75,5.0,8.0,0.0,,0,,10.0,,0,0,0,False
RA-14,2023,2024,Aluno-14,8.0,21.0,M,2022,,,0,,,,,,,10.0,,,,0,,10.0,,0,0,0,False
RA-141,2022,2023,Aluno-141,4.0,14.0,M,2017,7.118,Ametista,0,9.2,8.2,5.6,,5.7,5.917,10.0,5.8,6.2,5.0,-1,6.719791667,5.0,Ágata,1,1,1,False
RA-143,2022,2023,Aluno-143,4.0,13.0,M,2019,8.638,Topázio,1,8.3,9.9,5.6,,7.9,9.5,10.0,9.7,7.7,6.4,1,7.794358333,10.0,Ametista,0,0,1,False
RA-143,2023,2024,Aluno-143,5.0,,M,2019,7.794358333,Ametista,1,8.3,9.6,2.52,8.28125,6.5,8.3375,10.0,9.2,5.0,5.2,2,7.449366666666667,10.0,Ametista,0,0,1,False
RA-144,2022,2023,Aluno-144,4.0,14.0,F,2017,8.181,Topázio,0,7.5,9.3,5.0,,7.9,8.292,10.0,7.5,7.2,9.0,1,4.990333333,10.0,Quartzo,0,0,1,False
RA-145,2022,2023,Aluno-145,4.0,16.0,M,2017,5.846,Quartzo,-2,0.0,6.3,8.1,,5.2,7.25,5.0,3.0,4.8,7.8,-3,,2.5,,1,1,0,False
RA-146,2022,2023,Aluno-146,4.0,15.0,F,2022,7.947,Ametista,-1,8.3,9.2,7.5,,7.9,8.208,5.0,6.3,7.3,10.0,-1,7.584483333,5.0,Ametista,1,0,1,False
RA-146,2023,2024,Aluno-146,5.0,,F,2022,7.584483333,Ametista,-1,6.2,9.5,5.0,8.4375,7.9,8.2125,5.0,7.8,5.8,10.0,-2,8.134554885333333,5.0,Topázio,1,1,0,False
RA-147,2022,2023,Aluno-147,4.0,14.0,F,2022,7.541,Ametista,0,8.3,7.7,7.5,,6.1,7.25,10.0,5.8,4.8,7.7,-1,5.5425,5.0,Quartzo,1,1,1,False
RA-147,2023,2024,Aluno-147,4.0,15.0,F,2022,5.5425,Quartzo,-1,0.0,7.0,5.63,6.875,4.5,7.46,5.0,5.0,6.0,2.5,-1,7.400477922133334,5.0,Ametista,1,0,0,False
RA-149,2022,2023,Aluno-149,4.0,15.0,F,2022,6.323,Ágata,-1,9.2,6.5,7.5,,5.0,6.125,5.0,4.0,6.0,,-2,5.622266667,5.0,Quartzo,1,1,1,False
RA-149,2023,2024,Aluno-149,4.0,,F,2022,5.622266667,Quartzo,-2,8.8,4.2,2.52,7.5,4.7,7.2925,5.0,5.7,3.5,5.0,-2,5.7316173854,5.0,Quartzo,1,0,0,False
RA-151,2022,2023,Aluno-151,4.0,16.0,F,2020,7.563,Ametista,-2,8.8,7.5,6.9,,8.3,7.958,5.0,7.3,8.0,9.5,-2,6.892541667,5.0,Ágata,1,0,1,False
RA-152,2022,2023,Aluno-152,4.0,16.0,F,2022,6.712,Ágata,-2,8.3,7.0,7.5,,6.5,6.292,5.0,4.0,7.0,8.5,-2,6.30695,5.0,Ágata,1,0,1,False
RA-152,2023,2024,Aluno-152,4.0,16.0,F,2022,6.30695,Ágata,-2,7.9,7.7,2.52,7.8125,4.5,7.71,5.0,4.0,5.0,4.5,-2,6.5837938596,5.0,Ágata,1,0,0,False
RA-153,2022,2023,Aluno-153,4.0,14.0,F,2018,7.535,Ametista,0,7.9,8.2,5.0,,6.6,7.708,10.0,3.3,7.7,8.8,0,7.289966667,10.0,Ametista,0,0,1,False
RA-153,2023,2024,Aluno-153,5.0,15.0,F,2018,7.289966667,Ametista,0,9.2,7.4,2.52,8.125,6.4,7.71,10.0,6.0,5.3,8.0,2,4.78185,10.0,Quartzo,0,0,1,False
RA-155,2022,2023,Aluno-155,4.0,16.0,M,2022,7.051,Ametista,-2,10.0,8.3,7.5,,5.2,6.833,5.0,4.3,6.8,4.3,-2,6.318991667,5.0,Ágata,1,0,1,False
RA-155,2023,2024,Aluno-155,5.0,17.0,M,2022,6.318991667,Ágata,-2,7.9,8.1,5.0,7.03125,4.4,6.5875,5.0,5.3,2.8,5.2,0,,10.0,,0,0,0,False
RA-157,2022,2023,Aluno-157,4.0,12.0,F,2018,8.317,Topázio,1,7.5,10.0,6.3,,7.7,8.292,10.0,7.0,7.5,8.7,2,7.879008333,10.0,Ametista,0,0,1,False
RA-157,2023,2024,Aluno-157,5.0,13.0,F,2018,7.879008333,Ametista,2,7.1,9.9,2.52,8.59375,6.8,8.63,10.0,6.0,6.8,7.5,1,8.950566666733334,10.0,Topázio,0,1,0,False
RA-158,2022,2023,Aluno-158,4.0,17.0,F,2017,7.302,Ametista,-3,7.9,9.8,5.6,,6.6,8.125,2.5,5.0,6.7,8.1,1,7.297425,10.0,Ametista,0,0,1,False
RA-158,2023,2024,Aluno-158,5.0,,F,2017,7.297425,Ametista,1,7.1,9.0,2.52,8.28125,6.0,7.545,10.0,6.0,5.7,6.3,0,6.855159259266667,10.0,Ágata,0,1,1,False
RA-159,2022,2023,Aluno-159,4.0,15.0,F,2021,6.49,Ágata,-1,8.3,8.1,5.6,,4.7,6.458,5.0,4.3,5.8,3.9,-2,6.805033333,5.0,Ágata,1,1,0,False
RA-160,2022,2023,Aluno-160,4.0,15.0,F,2021,6.746,Ágata,-1,7.5,7.2,5.6,,5.3,8.25,5.0,2.7,6.0,7.1,-1,6.598266667,5.0,Ágata,1,0,1,False
RA-160,2023,2024,Aluno-160,5.0,16.0,F,2021,6.598266667,Ágata,-1,8.8,8.3,2.52,8.125,5.0,7.46,5.0,3.3,3.8,8.0,-1,6.855108333266668,5.0,Ágata,1,0,0,False
RA-161,2022,2023,Aluno-161,4.0,11.0,F,2018,7.957,Ametista,2,7.9,9.1,5.6,,6.9,8.083,10.0,5.3,6.8,8.5,1,6.250166667,10.0,Ágata,0,1,1,False
RA-161,2023,2024,Aluno-161,5.0,14.0,F,2018,6.250166667,Ágata,1,0.0,7.3,2.52,8.125,5.8,7.795,10.0,7.0,4.5,6.0,0,7.258445588333334,10.0,Ametista,0,1,0,False
RA-164,2022,2023,Aluno-164,4.0,16.0,M,2018,6.776,Ágata,-2,8.3,7.3,5.6,,6.5,7.208,5.0,4.7,6.5,8.3,-1,5.638666667,5.0,Quartzo,1,0,1,False
RA-164,2023,2024,Aluno-164,5.0,16.0,M,2018,5.638666667,Quartzo,-1,0.0,8.2,2.52,6.875,5.8,6.9625,5.0,6.0,4.2,7.3,-2,6.837125731066667,5.0,Ágata,1,1,0,False
RA-165,2022,2023,Aluno-165,4.0,14.0,F,2017,8.063,Topázio,0,7.1,9.8,5.6,,7.6,7.5,10.0,5.3,7.8,9.7,0,7.583433333,10.0,Ametista,0,0,1,False
RA-165,2023,2024,Aluno-165,5.0,,F,2017,7.583433333,Ametista,0,6.7,9.2,2.52,8.125,7.3,7.795,10.0,7.3,6.2,8.3,0,8.4627502436,10.0,Topázio,0,0,0,False
RA-166,2022,2023,Aluno-166,4.0,14.0,M,2020,8.253,Topázio,0,9.2,9.0,6.3,,8.1,7.542,10.0,7.0,7.2,10.0,0,8.105583333,10.0,Topázio,0,0,1,False
RA-166,2023,2024,Aluno-166,5.0,,M,2020,8.105583333,Topázio,0,7.5,8.9,6.26,8.4375,8.1,7.4625,10.0,7.0,7.2,10.0,1,8.243183333333334,10.0,Topázio,0,0,0,False
RA-167,2022,2023,Aluno-167,4.0,16.0,F,2018,7.798,Ametista,-2,9.2,9.7,5.6,,7.9,7.833,5.0,9.3,8.0,6.3,-2,7.806141667,5.0,Ametista,1,0,0,False
RA-167,2023,2024,Aluno-167,5.0,,F,2018,7.806141667,Ametista,-2,8.8,9.9,5.0,7.96875,7.9,7.8375,5.0,8.3,7.2,8.3,-1,8.033470175466666,5.0,Topázio,1,0,0,False
RA-168,2022,2023,Aluno-168,4.0,15.0,F,2018,6.917,Ágata,-1,7.9,8.3,6.3,,5.9,7.083,5.0,4.7,8.2,5.0,0,6.483083333,10.0,Ágata,0,0,1,False
RA-17,2022,2023,Aluno-17,7.0,20.0,M,2022,8.068,Topázio,-1,8.8,10.0,7.5,,7.8,8.292,5.0,9.0,6.5,,0,,10.0,,0,0,0,False
RA-17,2023,2024,Aluno-17,8.0,,M,2022,,,0,,,,,,,10.0,,,,0,,10.0,,0,0,0,False
RA-170,2022,2023,Aluno-170,4.0,14.0,F,2018,7.007,Ágata,0,8.3,9.2,5.6,,4.9,5.792,10.0,3.7,6.7,4.3,-2,7.062433333,5.0,Ametista,1,1,0,False
RA-170,2023,2024,Aluno-170,3.0,15.0,F,2018,7.062433333,Ametista,-2,8.8,8.9,2.52,6.875,7.2,7.6725,5.0,6.3,8.7,6.5,-1,7.646383333300001,5.0,Ametista,1,0,0,False
RA-171,2022,2023,Aluno-171,4.0,16.0,M,2022,6.581,Ágata,-2,7.5,6.8,7.5,,5.5,6.875,5.0,3.0,8.0,,-2,6.293083333,5.0,Ágata,1,0,1,False
RA-171,2023,2024,Aluno-171,5.0,17.0,M,2022,6.293083333,Ágata,-2,7.5,7.2,5.0,7.1875,5.2,6.755,5.0,4.5,4.8,6.2,-1,7.328933333333333,5.0,Ametista,1,0,0,False
RA-172,2022,2023,Aluno-172,4.0,14.0,F,2018,8.673,Topázio,0,9.2,8.9,9.4,,7.3,8.917,10.0,6.0,7.7,8.1,2,,10.0,,0,0,0,False
RA-172,2023,2024,Aluno-172,7.0,15.0,F,2018,,,2,0.0,,3.77,,,,10.0,,,,1,8.128766666666667,10.0,Topázio,0,1,0,False
RA-173,2022,2023,Aluno-173,4.0,17.0,M,2019,7.816,Ametista,-3,8.3,9.2,6.9,,7.9,9.25,2.5,9.0,7.5,7.1,-2,7.757466667,5.0,Ametista,1,0,1,False
RA-173,2023,2024,Aluno-173,5.0,17.0,M,2019,7.757466667,Ametista,-2,9.2,8.5,6.26,8.125,8.1,7.8775,5.0,9.0,6.2,9.2,0,,10.0,,0,0,0,False
RA-174,2022,2023,Aluno-174,4.0,15.0,F,2019,6.075,Ágata,-1,7.9,6.2,7.5,,4.4,6.042,5.0,4.0,5.3,3.8,-2,6.1242,5.0,Ágata,1,1,0,False
RA-175,2022,2023,Aluno-175,4.0,15.0,F,2018,6.75,Ágata,-1,8.3,9.2,5.6,,5.9,5.833,5.0,4.7,7.2,5.9,-1,6.569516667,5.0,Ágata,1,0,1,False
RA-175,2023,2024,Aluno-175,5.0,,F,2018,6.569516667,Ágata,-1,8.8,9.2,2.52,7.1875,4.8,7.085,5.0,5.0,5.0,4.5,-1,8.024136842133334,5.0,Topázio,1,0,0,False
RA-176,2022,2023,Aluno-176,3.0,13.0,F,2018,8.427,Topázio,0,9.6,9.1,5.6,,6.9,9.083,10.0,5.1,6.8,8.7,0,8.316833333,10.0,Topázio,0,0,1,False
RA-176,2023,2024,Aluno-176,4.0,14.0,F,2018,8.316833333,Topázio,0,9.6,9.5,2.52,8.125,8.0,9.0025,10.0,7.3,7.3,9.3,1,8.828632575733334,10.0,Topázio,0,0,0,False
RA-178,2022,2023,Aluno-178,3.0,13.0,F,2016,7.025,Ágata,0,0.0,8.8,4.4,,6.3,8.458,10.0,6.2,5.3,7.3,0,7.406658333,10.0,Ametista,0,0,0,False
RA-178,2023,2024,Aluno-178,4.0,,F,2016,7.406658333,Ametista,0,7.9,8.7,2.52,7.65625,5.9,8.42,10.0,6.3,5.8,5.5,0,7.234168831200001,10.0,Ametista,0,0,1,False
RA-179,2022,2023,Aluno-179,3.0,12.0,M,2022,7.993,Ametista,0,7.5,9.2,7.5,,6.1,8.042,10.0,3.7,6.7,8.0,0,8.437641667,10.0,Topázio,0,0,0,False
RA-179,2023,2024,Aluno-179,3.0,12.0,M,2022,8.437641667,Topázio,0,8.8,9.4,7.52,8.59375,6.4,8.9225,10.0,8.7,6.3,4.3,1,8.932712280733334,10.0,Topázio,0,0,0,False
RA-180,2022,2023,Aluno-180,3.0,12.0,M,2018,8.442,Topázio,0,9.2,8.3,6.3,,8.1,8.625,10.0,7.7,8.3,8.3,1,8.283216667,10.0,Topázio,0,0,1,False
RA-180,2023,2024,Aluno-180,4.0,13.0,M,2018,8.283216667,Topázio,1,9.2,9.4,2.52,8.4375,8.0,8.92,10.0,8.3,7.3,8.5,2,8.801463636333335,10.0,Topázio,0,0,0,False
RA-181,2022,2023,Aluno-181,3.0,13.0,F,2019,8.623,Topázio,0,9.2,9.5,8.8,,6.8,8.458,10.0,6.8,7.3,6.2,0,7.671208333,10.0,Ametista,0,0,1,False
RA-181,2023,2024,Aluno-181,4.0,,F,2019,7.671208333,Ametista,0,9.6,8.3,2.52,7.96875,6.8,8.2525,10.0,8.3,6.5,5.5,0,7.439841414133334,10.0,Ametista,0,0,1,False
RA-183,2022,2023,Aluno-183,3.0,13.0,F,2022,7.3,Ametista,0,8.3,8.8,7.5,,3.8,7.25,10.0,0.0,7.5,,-1,7.586241667,5.0,Ametista,1,1,0,False
RA-183,2023,2024,Aluno-183,3.0,14.0,F,2022,7.586241667,Ametista,-1,7.9,9.7,2.52,7.96875,7.7,8.795,5.0,7.0,8.0,8.2,0,8.266902371533334,10.0,Topázio,0,0,0,False
RA-184,2022,2023,Aluno-184,3.0,16.0,M,2019,7.28,Ametista,-3,8.8,7.7,7.5,,7.2,8.0,2.5,5.0,7.3,9.3,1,8.430241667,10.0,Topázio,0,0,0,False
RA-184,2023,2024,Aluno-184,4.0,13.0,M,2019,8.430241667,Topázio,1,7.9,9.5,7.52,8.59375,7.1,8.5025,10.0,7.3,6.3,7.8,1,8.471456704266666,10.0,Topázio,0,0,0,False
RA-186,2022,2023,Aluno-186,3.0,13.0,F,2019,7.832,Ametista,0,8.3,8.5,7.5,,6.6,7.5,10.0,6.0,5.7,8.0,0,7.817541667,10.0,Ametista,0,0,1,False
RA-186,2023,2024,Aluno-186,4.0,,F,2019,7.817541667,Ametista,0,7.5,9.7,2.52,7.96875,6.9,8.46,10.0,6.8,7.0,7.0,1,8.325963636333334,10.0,Topázio,0,0,0,False
RA-187,2022,2023,Aluno-187,3.0,12.0,F,2019,7.928,Ametista,0,8.8,8.9,7.5,,5.8,7.917,10.0,5.3,7.2,4.8,0,7.809875,10.0,Ametista,0,0,1,False
RA-187,2023,2024,Aluno-187,3.0,13.0,F,2019,7.809875,Ametista,0,7.5,9.9,2.52,7.96875,6.9,8.255,10.0,7.3,8.7,4.7,0,8.568424074066666,10.0,Topázio,0,0,0,False
RA-189,2022,2023,Aluno-189,3.0,14.0,M,2018,7.629,Ametista,-1,10.0,9.7,5.0,,7.2,7.333,5.0,6.3,7.2,8.0,0,7.727325,10.0,Ametista,0,0,0,False
RA-189,2023,2024,Aluno-189,4.0,14.0,M,2018,7.727325,Ametista,0,7.9,9.4,2.52,8.28125,6.5,8.3775,10.0,6.3,6.5,6.7,0,8.586533333333334,10.0,Topázio,0,0,0,False
RA-19,2022,2023,Aluno-19,7.0,19.0,F,2022,7.665,Ametista,-1,7.9,9.5,7.5,,8.0,7.0,5.0,7.0,9.0,,-1,7.710866667,5.0,Ametista,1,0,0,False
RA-19,2023,2024,Aluno-19,7.0,19.0,F,2022,7.710866667,Ametista,-1,7.9,9.4,5.63,7.75,7.8,8.1725,5.0,7.7,7.0,8.8,0,,10.0,,0,0,0,False
RA-190,2022,2023,Aluno-190,3.0,13.0,F,2022,7.335,Ametista,0,6.7,6.9,8.8,,6.3,7.25,10.0,5.0,7.5,,-1,6.934158333,5.0,Ágata,1,1,1,False
RA-191,2022,2023,Aluno-191,3.0,13.0,M,2019,8.74,Topázio,0,10.0,9.4,8.8,,7.2,8.5,10.0,8.0,7.2,6.3,0,7.263666667,10.0,Ametista,0,0,1,False
RA-191,2023,2024,Aluno-191,4.0,14.0,M,2019,7.263666667,Ametista,0,0.0,9.7,2.52,8.125,7.8,8.4625,10.0,8.7,7.0,7.8,2,7.7887,10.0,Ametista,0,0,0,False
RA-192,2022,2023,Aluno-192,3.0,15.0,M,2021,4.932,Quartzo,-2,8.8,3.6,7.5,,2.7,4.708,5.0,1.7,4.7,1.7,-2,6.616016667,5.0,Ágata,1,0,0,False
RA-192,2023,2024,Aluno-192,4.0,16.0,M,2021,6.616016667,Ágata,-2,8.8,6.2,5.0,7.1875,6.5,7.3775,5.0,6.0,5.8,7.8,-2,6.882960606066668,5.0,Ágata,1,0,0,False
RA-193,2022,2023,Aluno-193,3.0,12.0,M,2016,8.155,Topázio,0,9.2,8.9,5.6,,6.7,8.5,10.0,5.0,6.3,8.7,1,7.718566667,10.0,Ametista,0,0,1,False
RA-193,2023,2024,Aluno-193,4.0,13.0,M,2016,7.718566667,Ametista,1,8.3,9.4,2.52,8.125,6.5,8.17,10.0,6.0,6.3,7.3,1,8.465046969666668,10.0,Topázio,0,0,0,False
RA-195,2022,2023,Aluno-195,3.0,13.0,F,2017,8.017,Ametista,0,8.8,9.2,5.0,,6.3,8.25,10.0,6.8,6.3,5.8,0,7.60205,10.0,Ametista,0,0,1,False
RA-195,2023,2024,Aluno-195,4.0,,F,2017,7.60205,Ametista,0,7.1,9.2,2.52,8.4375,6.0,8.79,10.0,6.3,6.2,5.5,1,8.4690496032,10.0,Topázio,0,0,0,False
RA-196,2022,2023,Aluno-196,3.0,12.0,M,2018,8.124,Topázio,0,9.2,9.1,7.5,,5.1,8.625,10.0,4.0,6.0,5.3,1,7.560991667,10.0,Ametista,0,0,1,False
RA-196,2023,2024,Aluno-196,4.0,13.0,M,2018,7.560991667,Ametista,1,7.9,9.0,2.52,8.28125,6.2,8.2125,10.0,7.0,6.0,5.7,1,8.823550937933334,10.0,Topázio,0,0,0,False
RA-197,2022,2023,Aluno-197,3.0,13.0,F,2021,8.218,Topázio,0,8.8,9.7,4.4,,7.3,8.292,10.0,6.0,7.5,8.3,1,7.967608333,10.0,Ametista,0,0,1,False
RA-197,2023,2024,Aluno-197,4.0,13.0,F,2021,7.967608333,Ametista,1,8.3,9.8,2.52,7.96875,7.2,8.46,10.0,7.0,7.3,7.2,0,8.568238636333334,10.0,Topázio,0,1,0,False
RA-199,2022,2023,Aluno-199,3.0,13.0,M,2022,7.564,Ametista,0,8.3,7.1,7.5,,7.5,6.458,10.0,5.7,7.8,9.0,-1,7.892341667,5.0,Ametista,1,1,0,False
RA-199,2023,2024,Aluno-199,3.0,,M,2022,7.892341667,Ametista,-1,9.2,7.6,7.51,7.96875,8.5,8.505,5.0,8.2,8.2,9.2,-1,7.419398245666667,5.0,Ametista,1,0,1,False
RA-2,2022,2023,Aluno-2,7.0,17.0,F,2017,7.055,Ametista,0,8.8,5.2,6.3,,6.8,6.778,10.0,6.3,4.5,9.7,0,,10.0,,0,0,0,False
RA-2,2023,2024,Aluno-2,8.0,18.0,F,2017,,,0,,,,,,,10.0,,,,0,,10.0,,0,0,0,False
RA-200,2022,2023,Aluno-200,3.0,15.0,M,2018,5.705,Quartzo,-2,7.9,5.6,4.4,,5.5,4.917,5.0,4.7,5.0,6.8,-2,5.661166667,5.0,Quartzo,1,0,1,False
RA-202,2022,2023,Aluno-202,3.0,14.0,F,2017,5.201,Quartzo,-1,0.0,5.2,4.4,,5.4,6.917,5.0,6.3,5.8,4.2,-1,6.791641667,5.0,Ágata,1,0,0,False
RA-202,2023,2024,Aluno-202,4.0,,F,2017,6.791641667,Ágata,-1,8.8,7.9,2.52,7.96875,5.9,8.005,5.0,6.3,4.8,6.7,-1,7.3512154762,5.0,Ametista,1,0,0,False
RA-204,2022,2023,Aluno-204,3.0,13.0,F,2019,6.943,Ágata,0,7.9,6.7,4.4,,7.4,5.708,10.0,5.3,8.5,8.5,0,7.557558333,10.0,Ametista,0,0,0,False
RA-204,2023,2024,Aluno-204,4.0,,F,2019,7.557558333,Ametista,0,8.8,7.9,2.52,8.28125,7.1,8.045,10.0,4.7,8.0,8.5,0,7.838218894866668,10.0,Ametista,0,0,0,False
RA-205,2022,2023,Aluno-205,3.0,14.0,M,2020,5.372,Quartzo,-1,9.6,3.8,7.5,,4.1,4.833,5.0,5.7,1.7,5.0,-1,6.857625,5.0,Ágata,1,0,0,False
RA-21,2022,2023,Aluno-21,7.0,18.0,M,2022,6.945,Ágata,-1,9.6,9.2,7.5,,3.8,7.25,5.0,7.0,0.5,,0,,10.0,,0,0,0,False
RA-21,2023,2024,Aluno-21,8.0,19.0,M,2022,,,0,,,,,,,10.0,,,,0,,10.0,,0,0,0,False
RA-211,2022,2023,Aluno-211,3.0,13.0,M,2021,8.465,Topázio,0,9.2,8.8,7.5,,7.6,8.458,10.0,6.7,7.5,8.5,0,8.024791667,10.0,Topázio,0,0,1,False
RA-211,2023,2024,Aluno-211,4.0,14.0,M,2021,8.024791667,Topázio,0,9.6,9.4,2.52,7.65625,7.1,8.71,10.0,7.7,8.0,5.7,0,8.283601875933334,10.0,Topázio,0,0,0,False
RA-215,2022,2023,Aluno-215,3.0,13.0,F,2021,7.172,Ametista,0,6.7,5.8,7.5,,7.8,6.542,10.0,5.7,7.7,10.0,0,7.166475,10.0,Ametista,0,0,1,False
RA-215,2023,2024,Aluno-215,4.0,14.0,F,2021,7.166475,Ametista,0,8.8,6.6,2.52,7.96875,6.9,7.7125,10.0,5.7,6.7,8.3,0,7.045258874400002,10.0,Ametista,0,0,1,False
RA-217,2022,2023,Aluno-217,3.0,15.0,F,2021,7.397,Ametista,-2,7.9,8.5,7.5,,7.1,7.292,5.0,6.3,7.2,7.7,-1,6.96965,5.0,Ágata,1,0,1,False
RA-217,2023,2024,Aluno-217,4.0,,F,2021,6.96965,Ágata,-1,8.3,8.6,2.52,8.4375,5.6,8.5025,5.0,6.7,5.3,4.8,-1,7.4209164502,5.0,Ametista,1,0,0,False
RA-218,2022,2023,Aluno-218,3.0,14.0,F,2022,6.1,Ágata,-1,6.3,7.3,7.5,,4.0,6.125,5.0,5.0,7.0,0.0,-1,5.811541667,5.0,Quartzo,1,0,1,False
RA-220,2022,2023,Aluno-220,3.0,13.0,F,2022,7.028,Ágata,0,0.0,8.1,7.5,,6.5,7.833,10.0,6.8,6.8,5.8,0,7.102016667,10.0,Ametista,0,0,0,False
RA-220,2023,2024,Aluno-220,4.0,14.0,F,2022,7.102016667,Ametista,0,8.8,7.6,2.52,7.1875,6.1,7.5475,10.0,6.3,5.8,6.3,0,7.6987770562666675,10.0,Ametista,0,0,0,False
RA-221,2022,2023,Aluno-221,3.0,14.0,M,2022,6.892,Ágata,-1,9.6,8.5,7.5,,5.2,6.0,5.0,7.0,3.5,5.0,-2,6.959916667,5.0,Ágata,1,1,0,False
RA-223,2022,2023,Aluno-223,3.0,13.0,F,2022,4.966,Quartzo,0,0.0,4.6,7.5,,3.1,5.583,10.0,4.3,4.7,0.2,-1,5.089833333,5.0,Quartzo,1,1,0,False
RA-227,2022,2023,Aluno-227,3.0,12.0,M,2022,6.471,Ágata,0,9.2,6.4,7.5,,3.3,5.833,10.0,4.7,4.3,1.0,0,7.722125,10.0,Ametista,0,0,0,False
RA-227,2023,2024,Aluno-227,3.0,,M,2022,7.722125,Ametista,0,9.6,7.5,5.63,8.28125,6.9,7.4625,10.0,7.2,6.5,7.0,0,8.074015455333335,10.0,Topázio,0,0,0,False
RA-229,2022,2023,Aluno-229,3.0,12.0,M,2022,8.62,Topázio,0,10.0,9.4,7.5,,6.9,8.5,10.0,7.0,6.7,7.2,1,8.207591667,10.0,Topázio,0,0,1,False
RA-229,2023,2024,Aluno-229,4.0,,M,2022,8.207591667,Topázio,1,9.2,9.8,2.52,8.28125,7.8,8.42,10.0,8.0,8.2,7.3,1,8.852545634933334,10.0,Topázio,0,0,0,False
RA-23,2022,2023,Aluno-23,6.0,17.0,M,2021,7.677,Ametista,-1,8.3,8.2,8.1,,6.7,8.556,5.0,7.2,4.7,8.2,1,,10.0,,0,0,0,False
RA-23,2023,2024,Aluno-23,8.0,,M,2021,,,1,,,,,,,10.0,,,,0,,10.0,,0,1,0,False
RA-234,2022,2023,Aluno-234,3.0,13.0,M,2022,6.719,Ágata,0,10.0,7.6,5.6,,4.3,5.583,10.0,3.7,6.3,2.8,0,6.248741667,10.0,Ágata,0,0,1,False
RA-236,2022,2023,Aluno-236,3.0,12.0,F,2022,7.11,Ametista,0,9.6,7.5,7.5,,3.7,7.208,10.0,4.0,4.0,3.0,0,7.337116667,10.0,Ametista,0,0,0,False
RA-236,2023,2024,Aluno-236,3.0,13.0,F,2022,7.337116667,Ametista,0,10.0,7.5,7.52,7.1875,4.5,7.2975,10.0,6.3,4.0,3.3,0,6.980833740133334,10.0,Ágata,0,0,1,False
RA-237,2022,2023,Aluno-237,3.0,14.0,F,2022,8.084,Topázio,-1,10.0,9.0,7.5,,7.8,8.417,5.0,6.8,7.7,8.8,-1,7.436566667,5.0,Ametista,1,0,1,False
RA-237,2023,2024,Aluno-237,4.0,15.0,F,2022,7.436566667,Ametista,-1,8.3,9.5,2.52,8.125,6.7,8.96,5.0,7.7,7.0,5.5,-1,7.931384271366667,5.0,Ametista,1,0,0,False
RA-239,2022,2023,Aluno-239,3.0,15.0,F,2021,4.572,Quartzo,-2,0.0,3.7,7.5,,3.7,5.958,5.0,2.0,4.7,4.5,-2,6.411333333,5.0,Ágata,1,0,0,False
RA-239,2023,2024,Aluno-239,4.0,16.0,F,2021,6.411333333,Ágata,-2,0.0,8.4,5.0,8.125,7.0,7.6275,5.0,6.0,7.2,7.7,-3,6.782180868800001,2.5,Ágata,1,1,0,False
RA-240,2022,2023,Aluno-240,3.0,13.0,F,2017,6.943,Ágata,0,7.1,8.1,5.0,,4.7,7.042,10.0,6.3,5.0,2.8,0,6.337966667,10.0,Ágata,0,0,1,False
RA-241,2022,2023,Aluno-241,3.0,14.0,M,2016,8.468,Topázio,-1,10.0,10.0,7.5,,7.7,9.125,5.0,8.2,7.5,7.3,-1,7.016,5.0,Ametista,1,0,1,False
RA-241,2023,2024,Aluno-241,4.0,,M,2016,7.016,Ametista,-1,0.0,9.9,2.52,8.75,7.5,9.545,5.0,9.3,7.0,6.2,2,8.311616666733334,10.0,Topázio,0,0,0,False
RA-242,2022,2023,Aluno-242,3.0,13.0,M,2018,8.673,Topázio,0,9.6,9.7,5.6,,8.2,8.708,10.0,8.7,7.2,8.7,0,8.221841667,10.0,Topázio,0,0,1,False
RA-242,2023,2024,Aluno-242,4.0,14.0,M,2018,8.221841667,Topázio,0,7.1,9.7,2.52,8.59375,7.9,9.3775,10.0,9.3,7.3,7.2,2,8.2887,10.0,Topázio,0,0,0,False
RA-244,2022,2023,Aluno-244,3.0,12.0,F,2018,8.51,Topázio,0,7.5,9.4,6.3,,7.8,9.208,10.0,6.7,8.0,8.7,1,7.044333333,10.0,Ametista,0,0,1,False
RA-244,2023,2024,Aluno-244,4.0,13.0,F,2018,7.044333333,Ametista,1,0.0,8.8,2.52,8.125,7.3,8.8325,10.0,7.0,8.0,6.8,1,8.7225,10.0,Topázio,0,0,0,False
RA-245,2022,2023,Aluno-245,3.0,14.0,M,2016,8.656,Topázio,-1,10.0,9.9,7.5,,8.4,9.25,5.0,8.3,8.2,8.8,-1,7.171166667,5.0,Ametista,1,0,1,False
RA-245,2023,2024,Aluno-245,4.0,,M,2016,7.171166667,Ametista,-1,0.0,10.0,2.52,8.75,8.1,9.5875,5.0,9.3,7.8,7.3,2,8.452633333266668,10.0,Topázio,0,0,0,False
RA-246,2022,2023,Aluno-246,3.0,13.0,M,2022,8.639,Topázio,0,8.3,9.4,7.5,,7.6,9.167,10.0,8.0,6.7,8.0,0,8.256766667,10.0,Topázio,0,0,1,False
RA-246,2023,2024,Aluno-246,4.0,,M,2022,8.256766667,Topázio,0,8.8,9.9,4.39,8.125,6.8,8.9175,10.0,7.7,7.0,5.8,2,4.7404,10.0,Quartzo,0,0,1,False
RA-247,2022,2023,Aluno-247,3.0,13.0,F,2021,7.72,Ametista,0,8.3,8.2,7.5,,5.8,7.875,10.0,5.3,5.7,6.3,0,7.221958333,10.0,Ametista,0,0,1,False
RA-247,2023,2024,Aluno-247,3.0,13.0,F,2021,7.221958333,Ametista,0,0.0,8.5,7.52,8.28125,7.2,7.5425,10.0,6.5,6.7,8.3,0,6.646485739800001,10.0,Ágata,0,0,1,False
RA-249,2022,2023,Aluno-249,3.0,14.0,M,2017,5.097,Quartzo,-1,6.7,7.4,5.0,,2.9,4.292,5.0,2.3,4.2,2.2,-2,5.444625,5.0,Quartzo,1,1,0,False
RA-249,2023,2024,Aluno-249,3.0,,M,2017,5.444625,Quartzo,-2,0.0,8.2,5.0,5.15625,4.9,6.545,5.0,6.2,5.3,3.2,-2,6.125104328999999,5.0,Ágata,1,0,0,False
RA-25,2022,2023,Aluno-25,6.0,17.0,F,2021,7.979,Ametista,-1,8.3,8.3,8.8,,6.9,9.667,5.0,9.2,3.8,7.7,0,,10.0,,0,0,0,False
RA-25,2023,2024,Aluno-25,8.0,18.0,F,2021,,,0,,,,,,,10.0,,,,0,,10.0,,0,0,0,False
RA-250,2022,2023,Aluno-250,3.0,12.0,F,2022,7.958,Ametista,0,8.3,8.6,7.5,,6.6,7.625,10.0,6.7,6.5,6.7,0,7.598208333,10.0,Ametista,0,0,1,False
RA-250,2023,2024,Aluno-250,3.0,13.0,F,2022,7.598208333,Ametista,0,0.0,9.3,5.63,7.96875,8.3,8.625,10.0,7.7,8.8,8.3,0,9.049892592566668,10.0,Topázio,0,0,0,False
RA-251,2022,2023,Aluno-251,3.0,15.0,M,2018,7.022,Ágata,-2,10.0,8.1,5.6,,6.3,6.625,5.0,5.3,6.3,7.2,-1,6.665208333,5.0,Ágata,1,0,1,False
RA-251,2023,2024,Aluno-251,4.0,,M,2018,6.665208333,Ágata,-1,9.6,8.0,2.52,7.34375,5.3,7.835,5.0,5.0,5.5,5.3,-1,6.7135006212,5.0,Ágata,1,0,0,False
RA-254,2022,2023,Aluno-254,3.0,14.0,M,2019,6.715,Ágata,-1,10.0,7.4,5.6,,5.3,6.917,5.0,5.0,6.8,4.0,-1,,5.0,,1,0,0,False
RA-26,2022,2023,Aluno-26,6.0,17.0,M,2022,8.677,Topázio,-1,9.6,8.8,10.0,,8.0,10.0,5.0,9.5,4.4,10.0,-1,,5.0,,1,0,0,False
RA-26,2023,2024,Aluno-26,7.0,,M,2022,,,-1,0.0,,7.52,,,,5.0,,,,0,,10.0,,0,0,0,False
RA-260,2022,2023,Aluno-260,3.0,13.0,F,2019,7.44,Ametista,0,10.0,8.2,7.5,,5.0,6.458,10.0,5.7,5.2,4.2,0,8.080008333,10.0,Topázio,0,0,0,False
RA-260,2023,2024,Aluno-260,3.0,,F,2019,8.080008333,Topázio,0,9.2,9.9,7.52,7.34375,6.1,7.4175,10.0,6.3,5.2,6.7,0,8.448920634933334,10.0,Topázio,0,0,0,False
RA-262,2022,2023,Aluno-262,3.0,15.0,M,2021,4.786,Quartzo,-2,0.0,5.8,5.6,,3.4,5.625,5.0,1.3,5.5,3.5,-2,4.406458333,5.0,Quartzo,1,0,1,False
RA-262,2023,2024,Aluno-262,4.0,,M,2021,4.406458333,Quartzo,-2,0.0,3.7,5.0,7.03125,3.8,6.05,5.0,5.0,3.3,3.0,-2,5.806145462066667,5.0,Quartzo,1,0,0,False
RA-265,2022,2023,Aluno-265,3.0,13.0,M,2019,7.926,Ametista,0,8.3,7.7,7.5,,6.9,7.917,10.0,5.3,7.0,8.5,0,,10.0,,0,0,0,False
RA-267,2022,2023,Aluno-267,3.0,15.0,F,2016,6.012,Ágata,-2,10.0,7.4,5.0,,3.3,6.292,5.0,2.3,4.8,2.7,-2,,5.0,,1,0,0,False
RA-267,2023,2024,Aluno-267,4.0,16.0,F,2016,,,-2,7.9,7.7,,4.6875,2.7,6.505,5.0,2.7,4.0,1.3,-2,5.896306781966668,5.0,Quartzo,1,0,0,False
RA-269,2022,2023,Aluno-269,3.0,13.0,M,2022,8.231,Topázio,0,9.2,8.6,6.3,,8.9,7.25,10.0,8.7,9.5,8.5,0,8.116041667,10.0,Topázio,0,0,1,False
RA-269,2023,2024,Aluno-269,4.0,14.0,M,2022,8.116041667,Topázio,0,9.6,9.0,2.52,8.59375,7.4,8.7975,10.0,8.0,7.3,7.0,2,8.4773,10.0,Topázio,0,0,0,False
RA-27,2022,2023,Aluno-27,6.0,17.0,M,2016,7.124,Ametista,-1,0.0,7.6,8.1,,8.0,9.111,5.0,7.7,6.3,10.0,0,7.921266667,10.0,Ametista,0,0,0,False
RA-27,2023,2024,Aluno-27,7.0,,M,2016,7.921266667,Ametista,0,6.7,7.7,6.89,8.625,6.9,8.8825,10.0,7.0,5.8,8.0,0,,10.0,,0,0,0,False
RA-270,2022,2023,Aluno-270,3.0,13.0,F,2019,8.226,Topázio,0,8.3,8.4,6.9,,7.9,8.125,10.0,8.0,7.2,8.5,0,7.982633333,10.0,Ametista,0,0,1,False
RA-270,2023,2024,Aluno-270,4.0,14.0,F,2019,7.982633333,Ametista,0,9.2,9.0,2.52,8.75,6.6,9.1275,10.0,7.7,6.2,5.8,2,4.79255,10.0,Quartzo,0,0,1,False
RA-271,2022,2023,Aluno-271,3.0,15.0,F,2022,7.255,Ametista,-2,9.2,8.5,5.6,,7.1,6.958,5.0,6.3,6.5,8.3,-2,6.140333333,5.0,Ágata,1,0,1,False
RA-271,2023,2024,Aluno-271,4.0,16.0,F,2022,6.140333333,Ágata,-2,0.0,9.3,2.52,8.125,5.9,7.7125,5.0,4.3,7.0,6.3,-1,7.400633333333334,5.0,Ametista,1,0,0,False
RA-273,2022,2023,Aluno-273,3.0,14.0,F,2018,5.679,Quartzo,-1,9.2,5.3,7.5,,3.0,5.833,5.0,3.8,4.7,0.5,-1,6.337116667,5.0,Ágata,1,0,0,False
RA-273,2023,2024,Aluno-273,3.0,14.0,F,2018,6.337116667,Ágata,-1,7.9,7.4,2.52,7.8125,5.0,7.6275,5.0,5.3,6.8,3.0,-1,6.5991307798,5.0,Ágata,1,0,0,False
RA-274,2022,2023,Aluno-274,3.0,11.0,F,2019,7.946,Ametista,1,7.9,8.3,7.5,,8.1,7.0,10.0,8.1,9.3,7.0,1,8.137625,10.0,Topázio,0,0,0,False
RA-274,2023,2024,Aluno-274,4.0,12.0,F,2019,8.137625,Topázio,1,7.5,9.5,5.63,7.65625,7.5,8.295,10.0,7.0,7.7,7.8,2,8.651029629666667,10.0,Topázio,0,0,0,False
RA-276,2022,2023,Aluno-276,3.0,14.0,F,2017,5.527,Quartzo,-1,7.1,5.7,5.6,,4.3,5.125,5.0,3.7,6.0,3.3,0,6.690458333,10.0,Ágata,0,0,0,False
RA-277,2022,2023,Aluno-277,3.0,14.0,M,2021,7.411,Ametista,-1,7.1,8.8,7.5,,7.4,7.208,5.0,7.2,7.0,8.2,-1,7.7284,5.0,Ametista,1,0,0,False
RA-277,2023,2024,Aluno-277,4.0,,M,2021,7.7284,Ametista,-1,8.3,9.9,7.52,8.125,5.5,8.7525,5.0,5.7,6.0,4.8,2,8.0689833334,10.0,Topázio,0,0,0,False
RA-278,2022,2023,Aluno-278,3.0,12.0,M,2018,7.741,Ametista,0,8.8,9.2,5.6,,6.0,7.417,10.0,5.7,5.8,6.4,1,7.1935,10.0,Ametista,0,0,1,False
RA-278,2023,2024,Aluno-278,4.0,13.0,M,2018,7.1935,Ametista,1,0.0,9.8,5.63,8.75,5.6,8.3775,10.0,6.0,5.3,5.5,1,8.907314492800001,10.0,Topázio,0,0,0,False
RA-279,2022,2023,Aluno-279,3.0,13.0,M,2019,8.815,Topázio,0,9.2,9.9,6.3,,9.1,8.208,10.0,9.7,8.3,9.3,0,9.006266667,10.0,Topázio,0,0,0,False
RA-279,2023,2024,Aluno-279,4.0,14.0,M,2019,9.006266667,Topázio,0,8.8,10.0,6.27,8.75,8.9,9.2125,10.0,9.0,8.5,9.3,1,9.113133333366669,10.0,Topázio,0,0,0,False
RA-280,2022,2023,Aluno-280,3.0,13.0,F,2021,8.046,Ametista,0,7.5,9.2,7.5,,7.1,7.333,10.0,5.7,7.0,8.7,0,8.189225,10.0,Topázio,0,0,0,False
RA-280,2023,2024,Aluno-280,4.0,,F,2021,8.189225,Topázio,0,6.7,9.5,7.52,8.28125,6.5,8.7125,10.0,6.3,7.7,5.5,1,8.822714492700001,10.0,Topázio,0,0,0,False
RA-283,2022,2023,Aluno-283,3.0,14.0,M,2020,7.131,Ametista,-1,9.6,8.8,7.5,,5.6,6.625,5.0,4.5,5.8,6.6,-2,7.549025,5.0,Ametista,1,1,0,False
RA-283,2023,2024,Aluno-283,3.0,15.0,M,2020,7.549025,Ametista,-2,8.3,9.5,7.52,7.03125,6.8,7.5025,5.0,6.8,4.8,8.8,-2,7.9444309524,5.0,Ametista,1,0,0,False
RA-285,2022,2023,Aluno-285,3.0,16.0,F,2020,5.063,Quartzo,-3,9.2,4.1,7.5,,2.8,5.75,2.5,4.0,3.2,1.2,-3,5.380358333,2.5,Quartzo,1,0,0,False
RA-286,2022,2023,Aluno-286,3.0,15.0,F,2022,5.424,Quartzo,-2,7.1,5.8,6.3,,3.0,5.625,5.0,4.7,2.3,2.0,-1,5.713333333,5.0,Quartzo,1,0,0,False
RA-286,2023,2024,Aluno-286,4.0,15.0,F,2022,5.713333333,Quartzo,-1,0.0,7.5,5.0,8.125,4.7,7.3375,5.0,3.7,5.0,5.3,-1,5.123180882333333,5.0,Quartzo,1,0,1,False
RA-287,2022,2023,Aluno-287,3.0,17.0,F,2022,3.7,Quartzo,-4,7.9,3.4,5.0,,1.1,4.292,2.5,0.7,2.5,0.2,-4,3.745541667,2.5,Quartzo,1,0,0,False
RA-29,2022,2023,Aluno-29,6.0,17.0,M,2022,4.985,Quartzo,-1,0.0,4.0,8.8,,3.7,7.611,5.0,6.3,1.1,3.8,0,,10.0,,0,0,0,False
RA-29,2023,2024,Aluno-29,8.0,,M,2022,,,0,,,,,,,10.0,,,,0,,10.0,,0,0,0,False
RA-291,2022,2023,Aluno-291,3.0,13.0,M,2022,8.122,Topázio,0,8.3,8.2,6.9,,8.0,7.792,10.0,8.0,7.5,8.5,0,8.493058333,10.0,Topázio,0,0,0,False
RA-291,2023,2024,Aluno-291,4.0,14.0,M,2022,8.493058333,Topázio,0,8.8,8.6,7.52,8.90625,7.1,9.21,10.0,8.0,6.5,6.7,2,7.931966666733333,10.0,Ametista,0,0,1,False
RA-295,2022,2023,Aluno-295,3.0,14.0,F,2022,7.305,Ametista,-1,7.9,8.0,7.5,,6.9,7.375,5.0,5.3,7.7,7.7,-1,7.641016667,5.0,Ametista,1,0,0,False
RA-298,2022,2023,Aluno-298,3.0,13.0,M,2019,6.409,Ágata,0,9.2,6.3,5.6,,5.2,5.417,10.0,5.5,4.8,,-1,6.824333333,5.0,Ágata,1,1,0,False
RA-299,2022,2023,Aluno-299,3.0,13.0,F,2019,7.278,Ametista,0,7.1,8.2,5.0,,6.8,6.708,10.0,6.3,7.3,6.7,0,6.796541667,10.0,Ágata,0,0,1,False
RA-299,2023,2024,Aluno-299,4.0,14.0,F,2019,6.796541667,Ágata,0,0.0,9.6,2.52,7.96875,6.1,8.005,10.0,5.0,7.2,6.2,1,8.177186956533333,10.0,Topázio,0,0,0,False
RA-300,2022,2023,Aluno-300,3.0,14.0,M,2022,5.557,Quartzo,-1,5.4,6.9,6.3,,3.1,5.875,5.0,2.7,4.8,1.7,-2,5.616691667,5.0,Quartzo,1,1,0,False
RA-301,2022,2023,Aluno-301,3.0,13.0,F,2019,6.802,Ágata,0,8.8,5.8,5.6,,6.3,6.042,10.0,6.5,7.2,5.4,0,6.760341667,10.0,Ágata,0,0,1,False
RA-301,2023,2024,Aluno-301,4.0,,F,2019,6.760341667,Ágata,0,9.2,5.4,7.52,6.71875,5.2,6.465,10.0,4.7,6.5,4.5,0,8.410830701766667,10.0,Topázio,0,0,0,False
RA-302,2022,2023,Aluno-302,3.0,16.0,M,2022,6.334,Ágata,-3,9.2,7.7,6.9,,4.8,6.208,2.5,4.3,5.0,5.0,-2,5.314333333,5.0,Quartzo,1,0,1,False
RA-303,2022,2023,Aluno-303,3.0,14.0,M,2019,6.03,Ágata,-1,7.5,7.2,7.5,,3.9,5.375,5.0,3.8,4.0,,-2,5.914291667,5.0,Quartzo,1,1,1,False
RA-303,2023,2024,Aluno-303,3.0,15.0,M,2019,5.914291667,Quartzo,-2,0.0,7.3,7.52,7.65625,5.1,7.05,5.0,5.7,5.2,4.5,-2,6.2443426900666665,5.0,Ágata,1,0,0,False
RA-304,2022,2023,Aluno-304,3.0,15.0,M,2020,6.355,Ágata,-2,8.8,7.7,7.5,,4.3,5.542,5.0,3.0,5.5,,-2,6.241583333,5.0,Ágata,1,0,1,False
RA-304,2023,2024,Aluno-304,3.0,,M,2020,6.241583333,Ágata,-2,0.0,8.8,5.0,7.8125,5.7,7.835,5.0,7.0,3.7,6.3,-3,6.852411484600001,2.5,Ágata,1,1,0,False
RA-305,2022,2023,Aluno-305,3.0,14.0,M,2019,6.058,Ágata,-1,7.9,6.6,7.5,,4.8,5.208,5.0,2.8,6.7,,-2,6.394291667,5.0,Ágata,1,1,0,False
RA-305,2023,2024,Aluno-305,3.0,15.0,M,2019,6.394291667,Ágata,-2,0.0,8.9,7.52,7.65625,5.2,7.75,5.0,5.2,4.8,5.7,-1,6.693026811600001,5.0,Ágata,1,0,0,False
RA-306,2022,2023,Aluno-306,3.0,14.0,F,2021,6.427,Ágata,-1,8.3,6.8,7.5,,5.2,5.958,5.0,4.7,5.8,5.0,-1,5.732375,5.0,Quartzo,1,0,1,False
RA-306,2023,2024,Aluno-306,4.0,,F,2021,5.732375,Quartzo,-1,0.0,7.9,6.26,7.34375,4.0,7.46,5.0,4.7,4.5,2.8,-1,6.1661539474,5.0,Ágata,1,0,0,False
RA-307,2022,2023,Aluno-307,3.0,14.0,M,2022,4.733,Quartzo,-1,5.4,4.5,7.5,,2.5,4.708,5.0,5.0,0.0,,-2,6.047333333,5.0,Ágata,1,1,0,False
RA-308,2022,2023,Aluno-308,3.0,13.0,M,2019,6.93,Ágata,0,7.9,7.4,6.9,,5.0,6.167,10.0,6.7,5.5,2.8,0,6.578558333,10.0,Ágata,0,0,1,False
RA-308,2023,2024,Aluno-308,4.0,14.0,M,2019,6.578558333,Ágata,0,5.4,6.8,5.0,7.03125,4.9,7.5025,10.0,4.7,5.2,4.7,1,7.489282456133334,10.0,Ametista,0,0,0,False
RA-31,2022,2023,Aluno-31,6.0,17.0,F,2019,8.843,Topázio,-1,10.0,9.5,9.4,,8.0,10.0,5.0,9.0,5.7,9.3,0,,10.0,,0,0,0,False
RA-31,2023,2024,Aluno-31,8.0,18.0,F,2019,,,0,,,,,,,10.0,,,,0,,10.0,,0,0,0,False
RA-313,2022,2023,Aluno-313,3.0,14.0,F,2022,5.8,Quartzo,-1,7.5,7.0,5.0,,4.1,5.889,5.0,4.7,5.0,2.5,0,7.011091667,10.0,Ametista,0,0,0,False
RA-313,2023,2024,Aluno-313,4.0,14.0,F,2022,7.011091667,Ametista,0,9.2,8.7,2.52,7.65625,3.9,7.75,10.0,4.0,2.8,5.0,-1,7.25285,5.0,Ametista,1,1,0,False
RA-315,2022,2023,Aluno-315,3.0,13.0,F,2022,5.672,Quartzo,0,6.7,5.1,7.5,,3.0,5.056,10.0,3.0,4.2,1.8,-1,5.977708333,5.0,Quartzo,1,1,0,False
RA-315,2023,2024,Aluno-315,3.0,,F,2022,5.977708333,Quartzo,-1,0.0,6.8,5.0,7.96875,6.3,7.8375,5.0,5.7,6.8,6.3,-1,6.0768703704,5.0,Ágata,1,0,0,False
RA-316,2022,2023,Aluno-316,3.0,14.0,F,2022,7.889,Ametista,-1,10.0,10.0,6.9,,6.1,8.389,5.0,7.0,6.5,4.7,0,8.436908333,10.0,Topázio,0,0,0,False
RA-316,2023,2024,Aluno-316,4.0,14.0,F,2022,8.436908333,Topázio,0,10.0,9.5,7.52,8.59375,5.7,8.96,10.0,6.3,5.7,5.0,0,8.708925,10.0,Topázio,0,0,0,False
RA-318,2022,2023,Aluno-318,3.0,14.0,F,2019,6.527,Ágata,-1,8.3,6.9,6.9,,5.8,6.111,5.0,4.3,5.8,7.3,-1,6.856575,5.0,Ágata,1,0,0,False
RA-318,2023,2024,Aluno-318,4.0,15.0,F,2019,6.856575,Ágata,-1,7.9,8.1,6.26,7.96875,4.9,7.71,5.0,5.0,5.0,4.7,-1,7.025000925866668,5.0,Ametista,1,0,0,False
RA-319,2022,2023,Aluno-319,3.0,13.0,M,2022,7.448,Ametista,0,9.2,7.7,7.5,,5.2,7.5,10.0,6.3,4.3,5.0,0,8.367208333,10.0,Topázio,0,0,0,False
RA-319,2023,2024,Aluno-319,4.0,,M,2022,8.367208333,Topázio,0,9.6,9.2,5.0,8.59375,7.2,8.88,10.0,5.7,5.8,10.0,0,7.948699561466667,10.0,Ametista,0,0,1,False
RA-32,2022,2023,Aluno-32,6.0,16.0,F,2018,7.37,Ametista,0,8.8,5.2,8.8,,6.1,7.944,10.0,5.7,3.6,8.9,0,6.716666667,10.0,Ágata,0,0,1,False
RA-320,2022,2023,Aluno-320,3.0,14.0,F,2022,7.897,Ametista,-1,8.8,10.0,6.9,,6.4,8.667,5.0,7.3,6.3,5.7,0,8.393508333,10.0,Topázio,0,0,0,False
RA-320,2023,2024,Aluno-320,4.0,14.0,F,2022,8.393508333,Topázio,0,9.2,9.9,7.52,8.59375,5.5,8.96,10.0,5.7,6.0,4.7,0,8.442258333333335,10.0,Topázio,0,0,0,False
RA-321,2022,2023,Aluno-321,3.0,12.0,F,2022,7.792,Ametista,0,9.2,9.1,5.6,,5.2,8.278,10.0,5.7,6.2,3.7,1,7.695233333,10.0,Ametista,0,0,1,False
RA-321,2023,2024,Aluno-321,4.0,13.0,F,2022,7.695233333,Ametista,1,8.3,9.4,2.52,8.125,6.2,8.42,10.0,6.0,5.8,6.7,1,8.125807932933334,10.0,Topázio,0,0,0,False
RA-322,2022,2023,Aluno-322,3.0,13.0,F,2022,6.859,Ágata,0,7.1,8.1,5.0,,4.7,6.778,10.0,4.3,5.7,4.0,0,7.037808333,10.0,Ametista,0,0,0,False
RA-324,2022,2023,Aluno-324,2.0,10.0,F,2022,8.27,Topázio,0,10.0,9.3,6.9,,6.8,8.611,10.0,6.3,7.2,,0,7.6354,10.0,Ametista,0,0,1,False
RA-325,2022,2023,Aluno-325,2.0,10.0,M,2022,7.619,Ametista,0,9.5,6.8,7.5,,6.0,8.444,10.0,6.0,6.0,,0,6.243,10.0,Ágata,0,0,1,False
RA-325,2023,2024,Aluno-325,2.0,11.0,M,2022,6.243,Ágata,0,0.0,7.1,5.0,8.125,5.6,7.0025,10.0,3.8,7.3,,0,8.385133333233336,10.0,Topázio,0,0,0,False
RA-326,2022,2023,Aluno-326,2.0,12.0,F,2022,8.22,Topázio,-1,10.0,9.7,5.0,,9.0,8.944,5.0,8.7,9.3,,0,8.65075,10.0,Topázio,0,0,0,False
RA-326,2023,2024,Aluno-326,3.0,13.0,F,2022,8.65075,Topázio,0,9.6,9.4,3.14,9.0625,8.2,9.76,10.0,8.3,7.5,8.8,1,8.832389092333335,10.0,Topázio,0,0,0,False
RA-330,2022,2023,Aluno-330,2.0,14.0,F,2018,6.446,Ágata,-2,9.5,8.8,7.5,,2.5,7.056,5.0,2.3,2.7,,-2,6.084875,5.0,Ágata,1,0,1,False
RA-331,2022,2023,Aluno-331,2.0,12.0,F,2019,6.636,Ágata,-1,9.0,8.7,7.5,,3.7,6.944,5.0,2.3,5.0,,0,7.039791667,10.0,Ametista,0,0,0,False
RA-331,2023,2024,Aluno-331,3.0,13.0,F,2019,7.039791667,Ametista,0,9.6,8.6,2.52,7.03125,5.2,6.7975,10.0,5.7,4.8,5.2,-1,6.231045707066668,5.0,Ágata,1,1,1,False
RA-332,2022,2023,Aluno-332,2.0,13.0,M,2017,7.883,Ametista,-1,9.5,9.0,8.1,,7.5,8.5,5.0,7.5,7.5,,-1,8.002591667,5.0,Topázio,1,0,0,False
RA-332,2023,2024,Aluno-332,3.0,,M,2017,8.002591667,Topázio,-1,9.2,8.4,8.76,8.28125,6.8,9.175,5.0,6.3,7.7,6.5,1,8.421271701,10.0,Topázio,0,0,0,False
RA-336,2022,2023,Aluno-336,2.0,13.0,M,2016,6.787,Ágata,-1,9.5,8.5,4.4,,5.1,7.889,5.0,4.5,5.7,,-1,5.887708333,5.0,Quartzo,1,0,1,False
RA-336,2023,2024,Aluno-336,3.0,14.0,M,2016,5.887708333,Quartzo,-1,0.0,7.5,6.89,7.34375,5.1,7.255,5.0,6.7,5.2,3.3,0,6.834286748466667,10.0,Ágata,0,0,0,False
RA-338,2022,2023,Aluno-338,2.0,12.0,M,2019,6.837,Ágata,-1,8.5,7.3,7.5,,5.8,7.611,5.0,5.3,6.2,,0,8.287441667,10.0,Topázio,0,0,0,False
RA-338,2023,2024,Aluno-338,3.0,,M,2019,8.287441667,Topázio,0,8.3,9.1,7.52,8.59375,6.7,8.38,10.0,8.7,7.0,4.5,0,8.052795331466667,10.0,Topázio,0,0,1,False
RA-339,2022,2023,Aluno-339,2.0,11.0,F,2019,8.488,Topázio,0,6.9,9.9,7.5,,8.1,8.889,10.0,7.1,9.2,,0,7.377583333,10.0,Ametista,0,0,1,False
RA-339,2023,2024,Aluno-339,3.0,,F,2019,7.377583333,Ametista,0,0.0,8.9,7.52,7.8125,7.1,8.255,10.0,7.7,5.7,7.8,1,7.711540746133334,10.0,Ametista,0,0,0,False
RA-34,2022,2023,Aluno-34,6.0,17.0,M,2016,6.259,Ágata,-1,9.6,4.8,8.1,,3.8,7.278,5.0,4.7,4.0,2.8,0,,10.0,,0,0,0,False
RA-340,2022,2023,Aluno-340,2.0,11.0,M,2017,7.721,Ametista,0,9.0,8.2,7.5,,6.5,7.667,10.0,6.0,7.0,,-1,7.059666667,5.0,Ametista,1,1,1,False
RA-340,2023,2024,Aluno-340,2.0,,M,2017,7.059666667,Ametista,-1,0.0,9.6,2.52,9.166666667,8.9,8.505,5.0,9.0,8.7,,0,6.715437329466668,10.0,Ágata,0,0,1,False
RA-342,2022,2023,Aluno-342,2.0,14.0,F,2021,6.941,Ágata,-2,9.0,6.7,7.5,,6.6,7.5,5.0,5.5,7.7,,-2,7.539875,5.0,Ametista,1,0,0,False
RA-342,2023,2024,Aluno-342,3.0,15.0,F,2021,7.539875,Ametista,-2,7.5,8.6,7.52,7.96875,6.6,8.505,5.0,6.3,7.8,5.7,-1,6.757026587266667,5.0,Ágata,1,0,1,False
RA-343,2022,2023,Aluno-343,2.0,14.0,M,2020,6.9,Ágata,-2,9.5,7.4,7.5,,5.9,7.167,5.0,4.2,7.7,,-2,6.779591667,5.0,Ágata,1,0,1,False
RA-345,2022,2023,Aluno-345,2.0,13.0,M,2021,5.75,Quartzo,-1,9.5,5.4,5.6,,3.6,6.667,5.0,1.3,5.8,,-1,6.534766667,5.0,Ágata,1,0,0,False
RA-346,2022,2023,Aluno-346,2.0,10.0,M,2022,8.143,Topázio,0,10.0,9.1,7.5,,7.0,7.889,10.0,6.0,8.0,,1,7.305541667,10.0,Ametista,0,0,1,False
RA-346,2023,2024,Aluno-346,3.0,,M,2022,7.305541667,Ametista,1,0.0,9.4,8.14,7.96875,6.2,7.84,10.0,6.7,5.5,6.5,0,7.761749603200001,10.0,Ametista,0,1,0,False
RA-347,2022,2023,Aluno-347,2.0,12.0,F,2019,7.908,Ametista,-1,9.0,10.0,5.6,,8.5,8.0,5.0,8.5,8.5,,0,7.61835,10.0,Ametista,0,0,1,False
RA-347,2023,2024,Aluno-347,3.0,13.0,F,2019,7.61835,Ametista,0,6.7,9.5,2.52,7.8125,7.3,7.7925,10.0,6.7,6.2,9.0,1,8.384742583733333,10.0,Topázio,0,0,0,False
RA-348,2022,2023,Aluno-348,2.0,12.0,M,2022,5.864,Quartzo,-1,9.0,8.7,7.5,,1.8,5.833,5.0,0.5,3.0,,-1,6.817866667,5.0,Ágata,1,0,0,False
RA-35,2022,2023,Aluno-35,6.0,17.0,F,2019,8.965,Topázio,-1,10.0,9.6,9.4,,8.5,10.0,5.0,9.0,7.1,9.3,0,,10.0,,0,0,0,False
RA-35,2023,2024,Aluno-35,8.0,18.0,F,2019,,,0,,,,,,,10.0,,,,0,,10.0,,0,0,0,False
RA-350,2022,2023,Aluno-350,2.0,11.0,F,2022,8.206,Topázio,0,10.0,8.8,7.5,,6.5,8.611,10.0,7.0,6.0,,-1,7.972033333,5.0,Ametista,1,1,1,False
RA-352,2022,2023,Aluno-352,2.0,11.0,M,2019,7.834,Ametista,0,9.0,8.1,5.6,,7.0,8.389,10.0,7.3,6.7,,0,7.840341667,10.0,Ametista,0,0,0,False
RA-352,2023,2024,Aluno-352,3.0,12.0,M,2019,7.840341667,Ametista,0,9.2,8.1,6.26,7.96875,7.2,7.17,10.0,8.2,6.0,7.5,1,5.9794829346,10.0,Quartzo,0,0,1,False
RA-353,2022,2023,Aluno-353,2.0,11.0,F,2022,8.264,Topázio,0,7.0,10.0,7.5,,7.5,8.444,10.0,8.0,7.0,,0,8.309016667,10.0,Topázio,0,0,0,False
RA-356,2022,2023,Aluno-356,2.0,12.0,M,2019,6.69,Ágata,-1,10.0,8.4,5.0,,4.6,8.278,5.0,5.3,3.8,,0,6.452008333,10.0,Ágata,0,0,1,False
RA-356,2023,2024,Aluno-356,3.0,,M,2019,6.452008333,Ágata,0,9.2,8.5,2.52,6.09375,3.4,6.5025,10.0,4.3,4.5,1.3,1,6.627336016533334,10.0,Ágata,0,0,0,False
RA-357,2022,2023,Aluno-357,2.0,12.0,M,2022,7.836,Ametista,-1,8.0,9.6,7.5,,8.5,7.778,5.0,10.0,7.0,,-1,8.2832,5.0,Topázio,1,0,0,False
RA-357,2023,2024,Aluno-357,2.0,13.0,M,2022,8.2832,Topázio,-1,8.5,9.6,7.52,8.75,8.7,8.23,5.0,8.7,8.7,,-1,7.731569404200001,5.0,Ametista,1,0,1,False
RA-359,2022,2023,Aluno-359,2.0,12.0,F,2019,6.606,Ágata,-1,9.0,7.0,7.5,,4.6,7.5,5.0,3.3,5.8,,0,7.627125,10.0,Ametista,0,0,0,False
RA-359,2023,2024,Aluno-359,3.0,13.0,F,2019,7.627125,Ametista,0,9.6,9.2,2.52,7.65625,5.8,8.255,10.0,6.0,6.7,4.7,1,7.492006349133335,10.0,Ametista,0,0,1,False
RA-36,2022,2023,Aluno-36,6.0,17.0,F,2019,7.876,Ametista,-1,9.2,9.0,6.9,,6.8,8.944,5.0,8.5,4.3,7.8,0,,10.0,,0,0,0,False
RA-36,2023,2024,Aluno-36,8.0,18.0,F,2019,,,0,,,,,,,10.0,,,,0,,10.0,,0,0,0,False
RA-360,2022,2023,Aluno-360,2.0,12.0,F,2019,7.075,Ametista,-1,9.5,8.5,7.5,,5.2,7.5,5.0,4.7,5.7,,0,5.790875,10.0,Quartzo,0,0,1,False
RA-360,2023,2024,Aluno-360,3.0,13.0,F,2019,5.790875,Quartzo,0,0.0,7.3,2.52,7.34375,4.3,7.4225,10.0,5.3,4.8,2.8,-1,6.293175689166667,5.0,Ágata,1,1,0,False
RA-362,2022,2023,Aluno-362,2.0,12.0,F,2018,7.413,Ametista,-1,8.5,7.9,7.5,,7.9,7.5,5.0,6.5,9.3,,0,6.392625,10.0,Ágata,0,0,1,False
RA-363,2022,2023,Aluno-363,2.0,12.0,M,2022,6.644,Ágata,-1,10.0,10.0,6.9,,2.0,7.056,5.0,1.0,3.0,,-1,6.680833333,5.0,Ágata,1,0,0,False
RA-363,2023,2024,Aluno-363,2.0,13.0,M,2022,6.680833333,Ágata,-1,0.0,9.9,2.52,8.541666667,6.8,8.673333333,5.0,6.8,6.8,,0,7.617803571466666,10.0,Ametista,0,0,0,False
RA-364,2022,2023,Aluno-364,2.0,11.0,M,2019,8.75,Topázio,0,9.5,10.0,7.5,,8.8,8.167,10.0,9.5,8.0,,0,7.734891667,10.0,Ametista,0,0,1,False
RA-364,2023,2024,Aluno-364,3.0,,M,2019,7.734891667,Ametista,0,8.8,9.0,6.89,7.03125,5.8,7.505,10.0,8.0,5.2,4.3,0,8.2697037582,10.0,Topázio,0,0,0,False
RA-365,2022,2023,Aluno-365,2.0,10.0,F,2022,8.063,Topázio,0,8.0,10.0,5.0,,7.8,7.833,10.0,6.0,9.5,,0,8.6587,10.0,Topázio,0,0,0,False
RA-365,2023,2024,Aluno-365,2.0,10.0,F,2022,8.6587,Topázio,0,10.0,9.9,2.52,8.958333333,8.7,8.953333333,10.0,8.2,9.2,,1,8.526983333333334,10.0,Topázio,0,0,1,False
RA-367,2022,2023,Aluno-367,2.0,12.0,F,2018,6.95,Ágata,-1,8.5,7.4,6.3,,6.7,7.5,5.0,5.2,8.2,,0,7.38685,10.0,Ametista,0,0,0,False
RA-367,2023,2024,Aluno-367,3.0,12.0,F,2018,7.38685,Ametista,0,8.8,8.7,2.52,7.8125,5.9,7.7925,10.0,7.0,5.5,5.2,1,7.209434085200001,10.0,Ametista,0,0,1,False
RA-368,2022,2023,Aluno-368,2.0,13.0,M,2018,6.969,Ágata,-1,8.0,7.9,5.0,,7.3,7.5,5.0,5.5,9.0,,-1,5.796458333,5.0,Quartzo,1,0,1,False
RA-368,2023,2024,Aluno-368,3.0,,M,2018,5.796458333,Quartzo,-1,0.0,7.7,2.52,7.03125,6.7,7.34,5.0,5.0,7.2,7.8,-1,6.782158333333333,5.0,Ágata,1,0,0,False
RA-369,2022,2023,Aluno-369,2.0,11.0,M,2022,6.973,Ágata,0,9.0,6.9,7.5,,4.8,6.889,10.0,4.0,5.5,,-1,6.0197,5.0,Ágata,1,1,1,False
RA-369,2023,2024,Aluno-369,2.0,,M,2022,6.0197,Ágata,-1,10.0,4.1,5.0,8.541666667,4.0,7.726666667,5.0,5.0,3.0,,0,5.667282265,10.0,Quartzo,0,0,1,False
RA-373,2022,2023,Aluno-373,2.0,11.0,M,2022,7.503,Ametista,0,6.4,9.5,5.0,,7.3,6.944,10.0,6.5,8.0,,-1,6.805,5.0,Ágata,1,1,1,False
RA-374,2022,2023,Aluno-374,2.0,12.0,F,2021,7.747,Ametista,-1,9.0,9.8,7.5,,6.9,7.944,5.0,5.3,8.5,,0,7.533891667,10.0,Ametista,0,0,1,False
RA-375,2022,2023,Aluno-375,2.0,11.0,M,2019,7.831,Ametista,0,9.0,9.5,7.5,,5.4,7.667,10.0,3.3,7.5,,-1,7.070833333,5.0,Ametista,1,1,1,False
RA-375,2023,2024,Aluno-375,2.0,12.0,M,2019,7.070833333,Ametista,-1,0.0,9.9,5.0,8.541666667,7.9,8.283333333,5.0,6.8,9.0,,0,7.970034615400001,10.0,Ametista,0,0,0,False
RA-376,2022,2023,Aluno-376,2.0,12.0,F,2019,6.957,Ágata,-1,9.0,9.0,7.5,,4.3,7.5,5.0,2.0,6.7,,-1,7.1392,5.0,Ametista,1,0,0,False
RA-376,2023,2024,Aluno-376,2.0,,F,2019,7.1392,Ametista,-1,8.5,9.6,2.52,7.916666667,5.9,8.226666667,5.0,4.3,7.5,,-1,5.896573588800001,5.0,Quartzo,1,0,1,False
RA-377,2022,2023,Aluno-377,2.0,12.0,F,2021,6.743,Ágata,-1,9.0,7.7,5.6,,6.2,6.833,5.0,4.3,8.0,,0,7.205041667,10.0,Ametista,0,0,0,False
RA-377,2023,2024,Aluno-377,3.0,13.0,F,2021,7.205041667,Ametista,0,9.6,7.6,5.0,7.34375,4.8,7.6275,10.0,6.0,5.7,2.8,0,7.480115873000001,10.0,Ametista,0,0,0,False
RA-38,2022,2023,Aluno-38,6.0,17.0,F,2017,8.523,Topázio,-1,9.2,8.9,7.5,,8.6,9.833,5.0,9.0,7.0,9.7,0,8.835333333,10.0,Topázio,0,0,0,False
RA-38,2023,2024,Aluno-38,7.0,17.0,F,2017,8.835333333,Topázio,0,9.6,9.7,7.52,8.75,7.7,8.8825,10.0,8.2,8.8,6.0,0,,10.0,,0,0,0,False
RA-380,2022,2023,Aluno-380,2.0,13.0,M,2017,4.556,Quartzo,-1,7.9,4.4,5.0,,2.5,4.833,5.0,2.3,2.7,,-1,4.912375,5.0,Quartzo,1,0,0,False
RA-381,2022,2023,Aluno-381,2.0,13.0,M,2018,6.454,Ágata,-1,9.0,8.3,6.9,,3.3,6.944,5.0,1.5,5.2,,-1,5.758041667,5.0,Quartzo,1,0,1,False
RA-381,2023,2024,Aluno-381,3.0,,M,2018,5.758041667,Quartzo,-1,0.0,8.4,6.89,7.34375,3.9,6.84,5.0,5.3,5.3,1.2,-2,5.940775,5.0,Quartzo,1,1,0,False
RA-382,2022,2023,Aluno-382,2.0,14.0,M,2017,6.777,Ágata,-2,9.0,7.7,6.3,,5.4,7.333,5.0,4.0,6.8,,-2,6.223833333,5.0,Ágata,1,0,1,False
RA-382,2023,2024,Aluno-382,3.0,15.0,M,2017,6.223833333,Ágata,-2,0.0,9.4,6.26,7.5,5.2,7.1725,5.0,5.0,5.8,4.7,-1,5.805712280733333,5.0,Quartzo,1,0,1,False
RA-383,2022,2023,Aluno-383,2.0,11.0,M,2019,8.4,Topázio,0,9.0,9.6,7.5,,8.1,7.778,10.0,8.0,8.2,,0,7.5408,10.0,Ametista,0,0,1,False
RA-383,2023,2024,Aluno-383,3.0,12.0,M,2019,7.5408,Ametista,0,9.2,8.8,3.14,7.5,6.5,7.5,10.0,6.3,6.2,7.0,1,8.036024386733335,10.0,Topázio,0,0,0,False
RA-384,2022,2023,Aluno-384,2.0,12.0,F,2017,7.558,Ametista,-1,9.0,8.4,6.3,,8.1,8.0,5.0,8.0,8.2,,0,6.757958333,10.0,Ágata,0,0,1,False
RA-384,2023,2024,Aluno-384,3.0,,F,2017,6.757958333,Ágata,0,0.0,9.1,2.52,7.65625,7.3,7.335,10.0,6.3,7.2,8.3,0,8.072200721466668,10.0,Topázio,0,0,0,False
RA-386,2022,2023,Aluno-386,2.0,13.0,M,2019,6.104,Ágata,-1,10.0,5.9,5.6,,4.0,7.222,5.0,3.7,4.3,,-1,5.758425,5.0,Quartzo,1,0,1,False
RA-387,2022,2023,Aluno-387,2.0,13.0,M,2019,6.323,Ágata,-1,7.0,8.2,7.5,,3.7,6.833,5.0,1.3,6.0,,-1,4.794333333,5.0,Quartzo,1,0,1,False
RA-387,2023,2024,Aluno-387,3.0,14.0,M,2019,4.794333333,Quartzo,-1,0.0,6.8,2.52,6.875,3.0,7.0075,5.0,4.3,2.8,1.8,-1,6.125500000000001,5.0,Ágata,1,0,0,False
RA-388,2022,2023,Aluno-388,2.0,14.0,F,2019,6.654,Ágata,-2,7.9,8.5,5.6,,4.5,7.722,5.0,3.5,5.5,,-2,5.630833333,5.0,Quartzo,1,0,1,False
RA-388,2023,2024,Aluno-388,3.0,15.0,F,2019,5.630833333,Quartzo,-2,0.0,7.4,5.63,6.875,4.2,7.835,5.0,6.0,4.3,2.2,-1,5.965307936466667,5.0,Quartzo,1,0,0,False
RA-389,2022,2023,Aluno-389,2.0,11.0,M,2019,7.184,Ametista,0,8.0,8.9,7.5,,3.5,7.556,10.0,2.0,5.0,,-1,6.687,5.0,Ágata,1,1,1,False
RA-389,2023,2024,Aluno-389,2.0,,M,2019,6.687,Ágata,-1,0.0,8.2,2.52,8.75,8.2,8.95,5.0,6.8,9.5,,0,7.2079551282,10.0,Ametista,0,0,0,False
RA-39,2022,2023,Aluno-39,6.0,16.0,F,2017,6.033,Ágata,0,0.0,4.8,6.9,,6.9,6.111,10.0,7.7,5.1,7.8,0,8.710333333,10.0,Topázio,0,0,0,False
RA-39,2023,2024,Aluno-39,7.0,17.0,F,2017,8.710333333,Topázio,0,9.6,9.1,7.52,8.75,7.8,8.7575,10.0,8.3,7.8,7.2,0,,10.0,,0,0,0,False
RA-390,2022,2023,Aluno-390,2.0,12.0,F,2022,6.776,Ágata,-1,7.4,8.8,6.3,,4.7,7.722,5.0,4.0,5.3,,0,6.905741667,10.0,Ágata,0,0,0,False
RA-390,2023,2024,Aluno-390,3.0,,F,2022,6.905741667,Ágata,0,7.9,8.8,2.52,7.34375,4.8,7.005,10.0,5.7,5.8,3.0,0,6.5472236842,10.0,Ágata,0,0,1,False
RA-391,2022,2023,Aluno-391,2.0,12.0,F,2022,7.117,Ametista,-1,10.0,8.1,7.5,,5.1,8.056,5.0,5.0,5.2,,0,6.5107,10.0,Ágata,0,0,1,False
RA-392,2022,2023,Aluno-392,2.0,14.0,M,2022,6.418,Ágata,-2,9.5,8.8,5.6,,4.8,6.778,5.0,3.7,5.8,,-2,6.567208333,5.0,Ágata,1,0,0,False
RA-392,2023,2024,Aluno-392,3.0,15.0,M,2022,6.567208333,Ágata,-2,9.6,9.5,2.52,6.09375,4.6,7.17,5.0,6.2,4.7,2.8,-1,4.3639463364,5.0,Quartzo,1,0,1,False
RA-395,2022,2023,Aluno-395,2.0,11.0,F,2018,7.683,Ametista,0,9.0,8.9,7.5,,4.9,8.333,10.0,4.2,5.7,,0,7.469175,10.0,Ametista,0,0,1,False
RA-395,2023,2024,Aluno-395,3.0,12.0,F,2018,7.469175,Ametista,0,9.2,8.6,2.52,7.96875,6.0,7.9175,10.0,6.7,5.3,6.0,1,7.169905291000001,10.0,Ametista,0,0,1,False
RA-397,2022,2023,Aluno-397,2.0,14.0,F,2017,5.852,Quartzo,-2,9.0,5.7,6.9,,2.8,7.167,5.0,3.3,2.3,,-1,6.207083333,5.0,Ágata,1,0,0,False
RA-397,2023,2024,Aluno-397,4.0,15.0,F,2017,6.207083333,Ágata,-1,7.5,7.9,2.52,7.1875,4.6,7.465,5.0,6.7,5.0,2.0,-2,6.807291921866668,5.0,Ágata,1,1,0,False
RA-398,2022,2023,Aluno-398,2.0,10.0,F,2022,7.742,Ametista,0,9.0,9.3,7.5,,5.5,7.5,10.0,3.0,8.0,,1,7.153766667,10.0,Ametista,0,0,1,False
RA-398,2023,2024,Aluno-398,3.0,,F,2022,7.153766667,Ametista,1,6.7,8.1,2.52,7.5,6.5,7.7925,10.0,9.3,5.8,4.5,0,7.2457999999666685,10.0,Ametista,0,1,0,False
RA-399,2022,2023,Aluno-399,2.0,12.0,F,2022,6.58,Ágata,-1,6.8,9.3,5.6,,4.3,7.5,5.0,3.0,5.5,,0,7.000033333,10.0,Ametista,0,0,0,False
RA-40,2022,2023,Aluno-40,5.0,16.0,F,2016,7.203,Ametista,-1,7.9,7.8,7.5,,6.8,7.75,5.0,4.7,7.3,8.4,-1,7.169975,5.0,Ametista,1,0,1,False
RA-40,2023,2024,Aluno-40,6.0,17.0,F,2016,7.169975,Ametista,-1,7.5,8.2,7.52,7.96875,5.9,7.755,5.0,6.2,5.7,5.8,0,7.098051462066667,10.0,Ametista,0,0,1,False
RA-400,2022,2023,Aluno-400,2.0,14.0,M,2018,6.042,Ágata,-2,9.0,8.5,5.0,,1.7,7.444,5.0,1.2,2.2,,-1,6.529425,5.0,Ágata,1,0,0,False
RA-401,2022,2023,Aluno-401,2.0,12.0,F,2021,6.645,Ágata,-1,6.9,9.6,7.5,,4.3,6.722,5.0,3.7,5.0,,-1,6.363666667,5.0,Ágata,1,0,1,False
RA-401,2023,2024,Aluno-401,2.0,12.0,F,2021,6.363666667,Ágata,-1,4.0,8.1,2.52,7.083333333,7.3,7.116666667,5.0,6.3,8.3,,0,6.728911403533334,10.0,Ágata,0,0,0,False
RA-402,2022,2023,Aluno-402,2.0,12.0,F,2019,5.261,Quartzo,-1,9.0,3.7,5.0,,3.0,7.222,5.0,4.3,1.7,,0,6.632716667,10.0,Ágata,0,0,0,False
RA-402,2023,2024,Aluno-402,3.0,13.0,F,2019,6.632716667,Ágata,0,9.2,7.3,2.52,7.8125,4.2,6.88,10.0,4.7,4.0,4.0,0,5.683064814833333,10.0,Quartzo,0,0,1,False
RA-403,2022,2023,Aluno-403,2.0,12.0,M,2020,7.455,Ametista,-1,9.5,9.3,7.5,,6.3,7.5,5.0,6.5,6.2,,-1,7.716366667,5.0,Ametista,1,0,0,False
RA-403,2023,2024,Aluno-403,2.0,,M,2020,7.716366667,Ametista,-1,8.5,8.8,6.27,7.291666667,7.8,8.45,5.0,6.8,8.8,,0,8.008488888833334,10.0,Topázio,0,0,0,False
RA-404,2022,2023,Aluno-404,2.0,12.0,F,2020,6.658,Ágata,-1,9.0,7.3,7.5,,5.3,6.944,5.0,4.0,6.5,,-1,6.7093,5.0,Ágata,1,0,0,False
RA-404,2023,2024,Aluno-404,2.0,,F,2020,6.7093,Ágata,-1,7.9,8.3,5.02,6.875,6.0,6.89,5.0,4.7,7.2,,0,6.624588235266668,10.0,Ágata,0,0,1,False
RA-407,2022,2023,Aluno-407,2.0,13.0,M,2022,7.195,Ametista,-1,8.5,9.3,7.5,,6.0,7.056,5.0,4.0,8.0,,-1,7.665083333,5.0,Ametista,1,0,0,False
RA-407,2023,2024,Aluno-407,3.0,14.0,M,2022,7.665083333,Ametista,-1,9.6,8.6,7.52,7.8125,7.3,7.5,5.0,7.3,7.2,7.3,0,7.0875128168,10.0,Ametista,0,0,1,False
RA-408,2022,2023,Aluno-408,2.0,12.0,F,2022,6.725,Ágata,-1,8.0,9.7,7.5,,3.3,7.333,5.0,1.0,5.5,,-1,7.242133333,5.0,Ametista,1,0,0,False
RA-408,2023,2024,Aluno-408,2.0,13.0,F,2022,7.242133333,Ametista,-1,7.9,8.5,3.77,8.333333333,6.8,8.45,5.0,6.0,7.5,,0,6.5276296297,10.0,Ágata,0,0,1,False
RA-409,2022,2023,Aluno-409,2.0,11.0,F,2022,8.15,Topázio,0,7.9,9.7,7.5,,7.8,7.5,10.0,6.0,9.5,,-1,7.621466667,5.0,Ametista,1,1,1,False
RA-409,2023,2024,Aluno-409,2.0,,F,2022,7.621466667,Ametista,-1,8.4,9.5,2.52,7.916666667,8.0,8.73,5.0,6.2,9.7,,0,8.225462962900002,10.0,Topázio,0,0,0,False
RA-410,2022,2023,Aluno-410,2.0,14.0,M,2018,5.675,Quartzo,-2,7.4,6.5,6.3,,2.0,7.444,5.0,2.0,2.0,,-1,6.140808333,5.0,Ágata,1,0,0,False
RA-411,2022,2023,Aluno-411,2.0,12.0,F,2019,7.232,Ametista,-1,6.4,8.6,7.5,,7.1,7.833,5.0,6.7,7.5,,0,7.779983333,10.0,Ametista,0,0,0,False
RA-411,2023,2024,Aluno-411,3.0,13.0,F,2019,7.779983333,Ametista,0,6.2,9.0,7.52,7.8125,6.6,7.5425,10.0,5.7,6.7,7.3,0,7.279762962966667,10.0,Ametista,0,0,1,False
RA-412,2022,2023,Aluno-412,2.0,12.0,F,2018,7.556,Ametista,-1,8.5,9.0,7.5,,7.3,7.778,5.0,6.5,8.2,,0,7.373891667,10.0,Ametista,0,0,1,False
RA-412,2023,2024,Aluno-412,3.0,13.0,F,2018,7.373891667,Ametista,0,8.8,8.9,2.52,7.03125,6.2,7.585,10.0,5.8,5.2,7.7,0,8.044378070166667,10.0,Topázio,0,0,0,False
RA-413,2022,2023,Aluno-413,2.0,12.0,F,2022,6.408,Ágata,-1,6.4,8.7,5.6,,4.7,7.056,5.0,4.2,5.2,,-1,6.803633333,5.0,Ágata,1,0,0,False
RA-414,2022,2023,Aluno-414,2.0,12.0,F,2021,7.284,Ametista,-1,8.0,9.3,7.5,,5.9,7.667,5.0,5.7,6.2,,0,7.25025,10.0,Ametista,0,0,1,False
RA-414,2023,2024,Aluno-414,3.0,13.0,F,2021,7.25025,Ametista,0,0.0,9.5,7.52,7.8125,6.5,7.585,10.0,6.0,7.0,6.5,0,7.187625925933334,10.0,Ametista,0,0,1,False
RA-415,2022,2023,Aluno-415,2.0,11.0,F,2019,7.695,Ametista,0,8.0,8.3,7.5,,6.2,8.056,10.0,4.8,7.5,,0,7.18805,10.0,Ametista,0,0,1,False
RA-416,2022,2023,Aluno-416,2.0,12.0,M,2018,7.913,Ametista,-1,9.5,9.3,8.8,,7.2,8.222,5.0,6.7,7.7,,0,8.144425,10.0,Topázio,0,0,0,False
RA-416,2023,2024,Aluno-416,3.0,13.0,M,2018,8.144425,Topázio,0,9.2,9.8,2.52,8.28125,7.6,8.3375,10.0,7.0,7.0,8.8,1,8.700808577033333,10.0,Topázio,0,0,0,False
RA-417,2022,2023,Aluno-417,2.0,13.0,F,2022,8.428,Topázio,-1,10.0,10.0,7.5,,8.0,9.556,5.0,6.0,10.0,,0,8.257658333,10.0,Topázio,0,0,1,False
RA-417,2023,2024,Aluno-417,3.0,,F,2022,8.257658333,Topázio,0,5.4,9.7,7.52,8.28125,7.8,8.2125,10.0,6.7,8.3,8.3,0,8.533628557533333,10.0,Topázio,0,0,0,False
RA-418,2022,2023,Aluno-418,2.0,10.0,F,2020,8.175,Topázio,0,8.0,9.4,7.5,,7.5,8.222,10.0,6.5,8.5,,1,8.1686,10.0,Topázio,0,0,1,False
RA-418,2023,2024,Aluno-418,3.0,,F,2020,8.1686,Topázio,1,8.8,10.0,2.52,8.125,8.1,8.045,10.0,6.7,8.3,9.3,1,9.125183333366667,10.0,Topázio,0,0,0,False
RA-419,2022,2023,Aluno-419,2.0,12.0,F,2019,7.359,Ametista,-1,7.5,9.2,5.6,,6.9,8.389,5.0,5.3,8.5,,0,7.7261,10.0,Ametista,0,0,0,False
RA-419,2023,2024,Aluno-419,3.0,,F,2019,7.7261,Ametista,0,6.7,9.5,2.52,8.125,7.6,7.875,10.0,7.0,7.3,8.5,1,8.355707894766669,10.0,Topázio,0,0,0,False
RA-42,2022,2023,Aluno-42,5.0,15.0,M,2019,6.72,Ágata,0,8.3,7.9,5.6,,4.8,6.083,10.0,3.7,4.5,6.2,-1,6.794516667,5.0,Ágata,1,1,0,False
RA-42,2023,2024,Aluno-42,5.0,,M,2019,6.794516667,Ágata,-1,8.8,8.6,5.63,6.5625,5.7,6.6675,5.0,6.3,4.2,6.7,-1,7.656628769866667,5.0,Ametista,1,0,0,False
RA-420,2022,2023,Aluno-420,2.0,11.0,F,2019,7.461,Ametista,0,9.5,9.0,5.6,,4.5,8.0,10.0,1.3,7.7,,0,7.356358333,10.0,Ametista,0,0,1,False
RA-420,2023,2024,Aluno-420,3.0,,F,2019,7.356358333,Ametista,0,8.3,9.3,2.52,7.65625,5.3,7.96,10.0,5.7,5.8,4.3,1,7.544228947400001,10.0,Ametista,0,0,0,False
RA-421,2022,2023,Aluno-421,2.0,11.0,M,2021,8.717,Topázio,0,8.5,9.3,7.5,,8.8,9.111,10.0,9.2,8.5,,0,8.030716667,10.0,Topázio,0,0,1,False
RA-421,2023,2024,Aluno-421,3.0,,M,2021,8.030716667,Topázio,0,9.2,9.9,2.52,7.8125,7.3,8.17,10.0,8.0,6.2,7.8,1,8.488232329,10.0,Topázio,0,0,0,False
RA-422,2022,2023,Aluno-422,2.0,12.0,M,2022,6.746,Ágata,-1,8.5,10.0,7.5,,2.5,7.5,5.0,1.0,4.0,,-1,5.57,5.0,Quartzo,1,0,1,False
RA-422,2023,2024,Aluno-422,2.0,,M,2022,5.57,Quartzo,-1,0.0,7.8,7.52,6.666666667,4.4,6.106666667,5.0,3.0,5.7,,-1,5.544981481433334,5.0,Quartzo,1,0,1,False
RA-423,2022,2023,Aluno-423,2.0,12.0,F,2022,6.647,Ágata,-1,8.4,9.6,7.5,,2.3,7.667,5.0,0.5,4.0,,-1,6.607533333,5.0,Ágata,1,0,1,False
RA-423,2023,2024,Aluno-423,2.0,13.0,F,2022,6.607533333,Ágata,-1,8.0,8.7,6.89,7.083333333,3.4,7.45,5.0,2.3,4.5,,0,6.616193704866666,10.0,Ágata,0,0,0,False
RA-424,2022,2023,Aluno-424,2.0,12.0,F,2022,7.94,Ametista,-1,9.0,10.0,7.5,,7.5,8.222,5.0,10.0,5.0,,0,7.72685,10.0,Ametista,0,0,1,False
RA-424,2023,2024,Aluno-424,3.0,,F,2022,7.72685,Ametista,0,8.8,9.9,2.52,7.8125,6.4,7.7925,10.0,5.0,6.7,7.5,0,7.341187280733334,10.0,Ametista,0,0,1,False
RA-425,2022,2023,Aluno-425,2.0,12.0,M,2022,8.117,Topázio,-1,9.0,10.0,7.5,,9.0,7.5,5.0,9.0,9.0,,0,8.10555,10.0,Topázio,0,0,1,False
RA-425,2023,2024,Aluno-425,3.0,13.0,M,2022,8.10555,Topázio,0,9.2,9.9,2.52,7.8125,7.5,8.3775,10.0,6.7,7.3,8.5,0,9.0166166667,10.0,Topázio,0,0,0,False
RA-426,2022,2023,Aluno-426,2.0,14.0,F,2022,6.35,Ágata,-2,9.0,6.5,7.5,,4.6,7.111,5.0,2.3,6.8,,-1,6.329158333,5.0,Ágata,1,0,1,False
RA-426,2023,2024,Aluno-426,3.0,,F,2022,6.329158333,Ágata,-1,5.4,7.6,5.0,7.65625,5.0,7.5425,5.0,4.7,5.2,5.0,-1,6.6430030186,5.0,Ágata,1,0,0,False
RA-428,2022,2023,Aluno-428,2.0,13.0,M,2022,7.683,Ametista,-1,6.8,8.7,7.5,,9.5,7.111,5.0,10.0,9.0,,0,7.821816667,10.0,Ametista,0,0,0,False
RA-428,2023,2024,Aluno-428,3.0,,M,2022,7.821816667,Ametista,0,8.3,9.5,2.52,7.8125,7.2,8.0425,10.0,9.3,4.7,7.7,0,7.534949122800001,10.0,Ametista,0,0,1,False
RA-43,2022,2023,Aluno-43,5.0,16.0,F,2019,5.486,Quartzo,-1,6.3,6.5,5.6,,4.3,5.958,5.0,4.0,5.8,3.2,-1,6.4622,5.0,Ágata,1,0,0,False
RA-430,2022,2023,Aluno-430,2.0,13.0,M,2022,7.585,Ametista,-1,9.5,8.6,7.5,,8.5,6.611,5.0,7.5,9.5,,-1,7.146716667,5.0,Ametista,1,0,1,False
RA-432,2022,2023,Aluno-432,2.0,14.0,F,2019,6.34,Ágata,-2,10.0,6.8,5.0,,5.1,6.611,5.0,5.7,4.5,,-2,6.850183333,5.0,Ágata,1,0,0,False
RA-432,2023,2024,Aluno-432,3.0,,F,2019,6.850183333,Ágata,-2,8.8,9.0,2.52,7.8125,5.2,8.0425,5.0,5.0,6.3,4.2,-1,7.167975,5.0,Ametista,1,0,0,False
RA-433,2022,2023,Aluno-433,2.0,12.0,M,2022,5.557,Quartzo,-1,8.5,7.3,5.0,,2.6,5.778,5.0,2.2,3.0,,-1,6.5982,5.0,Ágata,1,0,0,False
RA-433,2023,2024,Aluno-433,2.0,,M,2022,6.5982,Ágata,-1,8.5,7.2,7.52,5.833333333,4.8,7.613333333,5.0,1.8,7.7,,0,7.218157142866668,10.0,Ametista,0,0,0,False
RA-434,2022,2023,Aluno-434,2.0,11.0,M,2022,7.403,Ametista,0,9.0,8.1,7.5,,5.7,6.778,10.0,4.8,6.5,,-1,7.069766667,5.0,Ametista,1,1,1,False
RA-434,2023,2024,Aluno-434,2.0,12.0,M,2022,7.069766667,Ametista,-1,6.3,8.0,7.52,7.5,6.6,7.613333333,5.0,5.2,8.0,,0,6.610947619100001,10.0,Ágata,0,0,1,False
RA-436,2022,2023,Aluno-436,2.0,11.0,M,2022,6.687,Ágata,0,9.5,8.1,7.5,,2.0,6.611,10.0,4.0,0.0,,-1,5.322366667,5.0,Quartzo,1,1,1,False
RA-437,2022,2023,Aluno-437,2.0,13.0,M,2022,6.875,Ágata,-1,8.5,8.3,7.5,,5.8,6.611,5.0,6.0,5.5,,-2,6.947366667,5.0,Ágata,1,1,0,False
RA-438,2022,2023,Aluno-438,2.0,10.0,M,2022,7.764,Ametista,0,8.0,8.7,7.5,,7.3,6.889,10.0,6.5,8.0,,0,6.9883,10.0,Ágata,0,0,1,False
RA-438,2023,2024,Aluno-438,2.0,,M,2022,6.9883,Ágata,0,6.9,7.5,6.26,6.458333333,5.4,7.223333333,10.0,3.5,7.3,,-1,7.930283695700001,5.0,Ametista,1,1,0,False
RA-44,2022,2023,Aluno-44,5.0,17.0,F,2021,5.542,Quartzo,-2,5.0,5.9,7.5,,3.0,7.292,5.0,2.3,3.5,3.2,-2,6.258333333,5.0,Ágata,1,0,0,False
RA-440,2022,2023,Aluno-440,2.0,11.0,M,2022,7.329,Ametista,0,9.5,9.0,6.9,,5.5,5.833,10.0,6.0,5.0,,0,6.989208333,10.0,Ágata,0,0,1,False
RA-442,2022,2023,Aluno-442,2.0,11.0,F,2022,8.226,Topázio,0,10.0,8.2,7.5,,7.5,8.222,10.0,9.0,6.0,,0,6.814166667,10.0,Ágata,0,0,1,False
RA-442,2023,2024,Aluno-442,3.0,,F,2022,6.814166667,Ágata,0,0.0,7.6,7.52,7.5,5.8,8.1275,10.0,6.7,6.5,4.3,1,6.905439215666667,10.0,Ágata,0,0,0,False
RA-443,2022,2023,Aluno-443,2.0,13.0,F,2019,7.482,Ametista,-1,9.0,9.1,7.5,,5.6,8.5,5.0,8.0,3.2,,-1,6.895508333,5.0,Ágata,1,0,1,False
RA-444,2022,2023,Aluno-444,2.0,11.0,M,2018,6.665,Ágata,0,9.0,7.2,5.0,,3.1,7.778,10.0,1.5,4.7,,1,5.958791667,10.0,Quartzo,0,0,1,False
RA-444,2023,2024,Aluno-444,3.0,11.0,M,2018,5.958791667,Quartzo,1,0.0,7.9,5.0,6.40625,4.7,6.4575,10.0,4.7,5.8,3.7,-1,5.410188638266668,5.0,Quartzo,1,1,1,False
RA-445,2022,2023,Aluno-445,2.0,12.0,M,2022,6.924,Ágata,-1,9.0,9.4,7.5,,3.8,7.5,5.0,0.0,7.5,,-1,7.9087,5.0,Ametista,1,0,0,False
RA-445,2023,2024,Aluno-445,2.0,13.0,M,2022,7.9087,Ametista,-1,8.0,8.8,6.89,8.541666667,8.4,8.176666667,5.0,7.7,9.0,,0,7.3416246032,10.0,Ametista,0,0,1,False
RA-449,2022,2023,Aluno-449,2.0,12.0,F,2022,6.143,Ágata,-1,0.0,6.0,7.5,,7.0,8.111,5.0,6.0,8.0,,0,7.396508333,10.0,Ametista,0,0,0,False
RA-45,2022,2023,Aluno-45,5.0,15.0,F,2019,7.591,Ametista,0,7.9,8.9,5.6,,6.8,7.417,10.0,6.3,5.2,8.8,0,8.303591667,10.0,Topázio,0,0,0,False
RA-45,2023,2024,Aluno-45,6.0,,F,2019,8.303591667,Topázio,0,7.1,9.6,6.26,8.28125,7.9,8.1725,10.0,7.8,6.3,9.7,0,8.743476190400001,10.0,Topázio,0,0,0,False
RA-450,2022,2023,Aluno-450,2.0,13.0,M,2021,7.843,Ametista,-1,10.0,9.1,7.5,,7.5,8.111,5.0,6.8,8.2,,-1,6.819625,5.0,Ágata,1,0,1,False
RA-450,2023,2024,Aluno-450,3.0,14.0,M,2021,6.819625,Ágata,-1,9.6,8.4,2.52,7.65625,5.4,7.9175,5.0,7.0,6.5,2.7,-1,7.526188206666666,5.0,Ametista,1,0,0,False
RA-451,2022,2023,Aluno-451,2.0,13.0,F,2019,6.434,Ágata,-1,9.0,6.0,6.3,,6.1,6.889,5.0,3.1,9.2,,-2,8.386033333,5.0,Topázio,1,1,0,False
RA-454,2022,2023,Aluno-454,2.0,14.0,M,2018,5.561,Quartzo,-2,9.5,8.6,5.0,,2.3,5.444,5.0,0.0,4.7,,-2,4.603416667,5.0,Quartzo,1,0,1,False
RA-454,2023,2024,Aluno-454,3.0,15.0,M,2018,4.603416667,Quartzo,-2,0.0,7.5,5.0,4.6875,2.6,5.54,5.0,4.2,1.2,2.5,-2,5.852294346966668,5.0,Quartzo,1,0,0,False
RA-456,2022,2023,Aluno-456,2.0,12.0,F,2022,7.193,Ametista,-1,6.4,8.2,6.3,,7.3,8.389,5.0,6.0,8.7,,-1,7.518,5.0,Ametista,1,0,0,False
RA-456,2023,2024,Aluno-456,2.0,12.0,F,2022,7.518,Ametista,-1,0.0,8.3,4.39,9.583333333,9.9,9.953333333,5.0,9.7,10.0,,0,8.331124561366668,10.0,Topázio,0,0,0,False
RA-457,2022,2023,Aluno-457,2.0,12.0,F,2022,7.68,Ametista,-1,8.0,8.8,7.5,,8.5,7.667,5.0,7.0,10.0,,0,8.256833333,10.0,Topázio,0,0,0,False
RA-457,2023,2024,Aluno-457,3.0,13.0,F,2022,8.256833333,Topázio,0,7.5,8.6,7.52,8.125,8.1,8.045,10.0,6.7,8.5,9.0,1,8.5892756038,10.0,Topázio,0,0,0,False
RA-458,2022,2023,Aluno-458,2.0,13.0,M,2019,6.512,Ágata,-1,8.0,7.7,7.5,,5.6,5.833,5.0,4.7,6.5,,-1,6.312083333,5.0,Ágata,1,0,1,False
RA-458,2023,2024,Aluno-458,3.0,,M,2019,6.312083333,Ágata,-1,9.6,6.9,7.52,7.1875,3.8,6.2475,5.0,4.3,4.8,2.2,-1,5.680161507933333,5.0,Quartzo,1,0,1,False
RA-459,2022,2023,Aluno-459,2.0,12.0,M,2019,7.28,Ametista,-1,7.0,9.1,8.1,,7.3,7.222,5.0,5.3,9.2,,0,8.240016667,10.0,Topázio,0,0,0,False
RA-459,2023,2024,Aluno-459,3.0,13.0,M,2019,8.240016667,Topázio,0,6.7,9.3,7.52,7.1875,8.3,7.88,10.0,8.3,9.2,7.5,0,7.233804589400001,10.0,Ametista,0,0,1,False
RA-46,2022,2023,Aluno-46,5.0,17.0,F,2022,6.048,Ágata,-2,8.8,8.4,6.3,,2.1,7.083,5.0,2.8,2.8,0.7,-3,5.545383333,2.5,Quartzo,1,1,1,False
RA-461,2022,2023,Aluno-461,2.0,12.0,F,2018,5.451,Quartzo,-1,0.0,6.7,7.5,,3.8,7.222,5.0,1.5,6.2,,-1,7.2379,5.0,Ametista,1,0,0,False
RA-461,2023,2024,Aluno-461,2.0,12.0,F,2018,7.2379,Ametista,-1,7.3,7.9,3.77,8.541666667,7.4,8.616666667,5.0,5.7,9.0,,0,7.5447559291,10.0,Ametista,0,0,0,False
RA-462,2022,2023,Aluno-462,2.0,14.0,M,2022,6.626,Ágata,-2,10.0,8.5,7.5,,3.6,6.778,5.0,2.0,5.2,,-2,6.2267,5.0,Ágata,1,0,1,False
RA-463,2022,2023,Aluno-463,2.0,12.0,F,2020,6.41,Ágata,-1,10.0,7.8,7.5,,2.5,7.389,5.0,2.0,3.0,,0,6.382383333,10.0,Ágata,0,0,1,False
RA-464,2022,2023,Aluno-464,2.0,13.0,F,2022,6.745,Ágata,-1,7.5,8.0,7.5,,4.8,7.722,5.0,2.7,7.0,,-1,6.081675,5.0,Ágata,1,0,1,False
RA-464,2023,2024,Aluno-464,3.0,,F,2022,6.081675,Ágata,-1,9.2,7.7,2.52,7.96875,3.0,7.38,5.0,4.8,3.7,0.5,-1,6.872009064333334,5.0,Ágata,1,0,0,False
RA-465,2022,2023,Aluno-465,2.0,11.0,M,2019,8.012,Ametista,0,8.0,7.9,7.5,,7.8,8.444,10.0,9.3,6.3,,0,8.012875,10.0,Topázio,0,0,0,False
RA-466,2022,2023,Aluno-466,2.0,13.0,M,2022,6.826,Ágata,-1,8.5,9.7,7.5,,3.3,7.556,5.0,0.5,6.0,,-2,6.595533333,5.0,Ágata,1,1,1,False
RA-466,2023,2024,Aluno-466,2.0,14.0,M,2022,6.595533333,Ágata,-2,9.5,7.6,6.89,6.25,4.5,7.056666667,5.0,2.5,6.5,,-1,6.778749122800001,5.0,Ágata,1,0,0,False
RA-467,2022,2023,Aluno-467,2.0,13.0,F,2022,6.38,Ágata,-1,5.8,8.4,5.0,,5.5,7.111,5.0,5.0,6.0,,-1,6.552916667,5.0,Ágata,1,0,0,False
RA-467,2023,2024,Aluno-467,3.0,,F,2022,6.552916667,Ágata,-1,6.3,9.2,3.14,7.1875,5.2,7.5425,5.0,6.0,6.0,3.7,0,7.729811842133333,10.0,Ametista,0,0,0,False
RA-468,2022,2023,Aluno-468,2.0,13.0,M,2022,6.313,Ágata,-1,9.5,6.7,7.5,,4.1,6.722,5.0,4.5,3.7,,-1,5.911108333,5.0,Quartzo,1,0,1,False
RA-469,2022,2023,Aluno-469,2.0,11.0,F,2022,7.624,Ametista,0,9.0,9.6,5.0,,5.7,7.833,10.0,6.2,5.2,,-1,7.482533333,5.0,Ametista,1,1,1,False
RA-469,2023,2024,Aluno-469,2.0,,F,2022,7.482533333,Ametista,-1,7.5,9.3,2.52,7.916666667,7.8,8.843333333,5.0,6.8,8.8,,0,7.684639869300001,10.0,Ametista,0,0,0,False
RA-470,2022,2023,Aluno-470,2.0,13.0,F,2019,7.378,Ametista,-1,8.0,9.7,7.5,,6.3,7.5,5.0,5.3,7.3,,-1,6.993766667,5.0,Ágata,1,0,1,False
RA-470,2023,2024,Aluno-470,3.0,14.0,F,2019,6.993766667,Ágata,-1,8.8,9.2,5.0,7.5,4.9,7.71,5.0,6.0,4.3,4.5,0,6.981130848,10.0,Ágata,0,0,1,False
RA-471,2022,2023,Aluno-471,2.0,13.0,F,2020,6.535,Ágata,-1,3.5,8.5,5.0,,6.3,8.056,5.0,5.7,6.8,,0,6.855541667,10.0,Ágata,0,0,0,False
RA-471,2023,2024,Aluno-471,3.0,,F,2020,6.855541667,Ágata,0,0.0,9.0,6.27,7.96875,5.0,8.125,10.0,6.3,4.0,4.8,0,6.635847117766667,10.0,Ágata,0,0,1,False
RA-472,2022,2023,Aluno-472,2.0,12.0,F,2022,5.93,Quartzo,-1,9.0,7.0,7.5,,2.0,7.056,5.0,1.8,2.2,,-1,6.6858,5.0,Ágata,1,0,0,False
RA-472,2023,2024,Aluno-472,2.0,,F,2022,6.6858,Ágata,-1,5.1,7.1,7.52,7.708333333,5.5,8.223333333,5.0,3.7,7.2,,-1,6.6397610766,5.0,Ágata,1,0,1,False
RA-474,2022,2023,Aluno-474,2.0,13.0,M,2019,6.446,Ágata,-1,9.5,9.1,7.5,,3.0,6.0,5.0,1.3,4.7,,-1,5.283583333,5.0,Quartzo,1,0,1,False
RA-474,2023,2024,Aluno-474,3.0,14.0,M,2019,5.283583333,Quartzo,-1,0.0,7.8,5.0,7.1875,3.3,6.7575,5.0,4.8,3.8,1.2,-1,6.024753703733333,5.0,Ágata,1,0,0,False
RA-476,2022,2023,Aluno-476,2.0,12.0,F,2019,6.931,Ágata,-1,9.0,9.3,4.4,,5.5,7.556,5.0,5.0,6.0,,0,6.492408333,10.0,Ágata,0,0,1,False
RA-476,2023,2024,Aluno-476,3.0,13.0,F,2019,6.492408333,Ágata,0,7.9,7.0,2.52,7.34375,4.1,7.505,10.0,5.0,4.5,2.7,0,6.7359982456,10.0,Ágata,0,0,0,False
RA-478,2022,2023,Aluno-478,2.0,12.0,F,2019,6.709,Ágata,-1,8.5,9.1,5.6,,4.9,7.056,5.0,3.8,6.0,,0,6.443616667,10.0,Ágata,0,0,1,False
RA-479,2022,2023,Aluno-479,1.0,10.0,M,2020,8.465,Topázio,-1,8.0,9.2,7.5,,9.8,9.5,5.0,10.0,9.7,,0,8.988866667,10.0,Topázio,0,0,0,False
RA-479,2023,2024,Aluno-479,2.0,,M,2020,8.988866667,Topázio,0,9.0,10.0,2.52,9.791666667,9.7,9.6375,10.0,9.3,10.0,,1,8.901966666666668,10.0,Topázio,0,0,1,False
RA-48,2022,2023,Aluno-48,5.0,15.0,F,2017,8.006,Ametista,0,6.7,8.4,7.5,,8.1,8.5,10.0,6.7,8.0,9.5,0,7.797058333,10.0,Ametista,0,0,1,False
RA-48,2023,2024,Aluno-48,6.0,16.0,F,2017,7.797058333,Ametista,0,6.7,8.4,6.26,7.65625,7.7,7.6275,10.0,8.3,5.7,9.0,0,8.402390371800001,10.0,Topázio,0,0,0,False
RA-480,2022,2023,Aluno-480,1.0,10.0,F,2021,7.502,Ametista,-1,9.0,8.8,7.5,,6.3,8.444,5.0,6.8,5.7,,-1,8.226408333,5.0,Topázio,1,0,0,False
RA-480,2023,2024,Aluno-480,1.0,11.0,F,2021,8.226408333,Topázio,-1,10.0,9.7,7.52,7.96875,7.9,8.336666667,5.0,7.2,8.5,,0,7.260202380900001,10.0,Ametista,0,0,1,False
RA-483,2022,2023,Aluno-483,1.0,11.0,F,2019,5.263,Quartzo,-1,9.0,4.8,5.0,,2.4,6.833,5.0,2.0,2.8,,-2,6.3972,5.0,Ágata,1,1,0,False
RA-483,2023,2024,Aluno-483,1.0,12.0,F,2019,6.3972,Ágata,-2,9.0,6.0,2.52,7.916666667,5.6,8.166666667,5.0,5.0,6.2,,-1,6.578604762,5.0,Ágata,1,0,0,False
RA-484,2022,2023,Aluno-484,1.0,11.0,M,2022,6.71,Ágata,-1,9.5,8.7,5.0,,6.5,6.389,5.0,8.0,5.0,,-1,5.515466667,5.0,Quartzo,1,0,1,False
RA-484,2023,2024,Aluno-484,2.0,12.0,M,2022,5.515466667,Quartzo,-1,6.4,7.5,2.52,5.416666667,3.6,6.8,5.0,3.2,4.0,,0,3.8354776573333336,10.0,Quartzo,0,0,1,False
RA-486,2022,2023,Aluno-486,1.0,10.0,F,2020,7.621,Ametista,-1,10.0,9.9,7.5,,7.3,7.222,5.0,6.7,7.8,,0,7.1043,10.0,Ametista,0,0,1,False
RA-487,2022,2023,Aluno-487,1.0,10.0,F,2019,8.417,Topázio,-1,7.5,9.7,7.5,,9.6,9.333,5.0,9.7,9.5,,0,8.988866667,10.0,Topázio,0,0,0,False
RA-487,2023,2024,Aluno-487,2.0,11.0,F,2019,8.988866667,Topázio,0,8.5,9.9,5.0,9.166666667,9.5,9.26,10.0,9.2,9.7,,0,9.4171373016,10.0,Topázio,0,0,0,False
RA-49,2022,2023,Aluno-49,5.0,17.0,F,2022,6.304,Ágata,-2,7.5,7.4,7.5,,3.9,7.042,5.0,1.5,4.2,6.2,0,,10.0,,0,0,0,False
RA-49,2023,2024,Aluno-49,8.0,18.0,F,2022,,,0,,,,,,,10.0,,,,0,,10.0,,0,0,0,False
RA-490,2022,2023,Aluno-490,1.0,10.0,F,2022,7.576,Ametista,-1,7.9,8.2,7.5,,7.7,8.722,5.0,6.0,9.3,,0,7.429466667,10.0,Ametista,0,0,1,False
RA-490,2023,2024,Aluno-490,2.0,,F,2022,7.429466667,Ametista,0,7.9,7.9,2.52,8.541666667,5.8,9.0075,10.0,2.8,8.7,,1,7.368084290266667,10.0,Ametista,0,0,1,False
RA-491,2022,2023,Aluno-491,1.0,11.0,M,2022,7.461,Ametista,-1,7.5,9.7,7.5,,7.0,7.722,5.0,6.0,8.0,,0,7.560533333,10.0,Ametista,0,0,0,False
RA-491,2023,2024,Aluno-491,2.0,,M,2022,7.560533333,Ametista,0,9.5,9.6,2.52,7.708333333,5.0,8.3375,10.0,3.3,6.7,,-1,6.995247619100001,5.0,Ágata,1,1,1,False
RA-493,2022,2023,Aluno-493,1.0,9.0,F,2020,8.306,Topázio,0,10.0,9.4,7.5,,7.2,8.278,10.0,7.3,7.0,,0,7.934366667,10.0,Ametista,0,0,1,False
RA-493,2023,2024,Aluno-493,2.0,10.0,F,2020,7.934366667,Ametista,0,9.5,9.6,2.52,8.541666667,6.0,8.84,10.0,4.7,7.2,,1,7.464325,10.0,Ametista,0,0,1,False
RA-494,2022,2023,Aluno-494,1.0,11.0,F,2022,6.407,Ágata,-1,6.4,8.3,5.0,,5.8,6.944,5.0,6.3,5.2,,-1,7.116633333,5.0,Ametista,1,0,0,False
RA-494,2023,2024,Aluno-494,2.0,12.0,F,2022,7.116633333,Ametista,-1,6.9,9.0,2.52,7.708333333,6.8,8.71,5.0,6.3,7.3,,0,7.922281328333334,10.0,Ametista,0,0,0,False
RA-495,2022,2023,Aluno-495,1.0,11.0,M,2022,7.857,Ametista,-1,9.0,8.9,7.5,,8.4,8.056,5.0,8.0,8.8,,-1,7.417366667,5.0,Ametista,1,0,1,False
RA-496,2022,2023,Aluno-496,1.0,11.0,M,2018,6.683,Ágata,-1,8.5,6.8,7.5,,5.7,7.556,5.0,5.8,5.5,,-1,6.603666667,5.0,Ágata,1,0,1,False
RA-496,2023,2024,Aluno-496,2.0,,M,2018,6.603666667,Ágata,-1,0.0,7.1,5.0,7.916666667,8.3,8.71,5.0,7.5,9.0,,0,6.726607507733334,10.0,Ágata,0,0,0,False
RA-497,2022,2023,Aluno-497,1.0,13.0,F,2016,6.323,Ágata,-2,6.9,9.2,5.0,,5.1,5.833,5.0,4.2,6.0,,-2,5.7191,5.0,Quartzo,1,0,1,False
RA-497,2023,2024,Aluno-497,2.0,,F,2016,5.7191,Quartzo,-2,5.3,8.7,2.52,6.25,3.5,6.885,5.0,1.7,5.3,,-1,4.4960809524,5.0,Quartzo,1,0,1,False
RA-499,2022,2023,Aluno-499,1.0,10.0,M,2020,7.826,Ametista,-1,8.5,10.0,7.5,,8.2,7.444,5.0,8.2,8.2,,0,7.8883,10.0,Ametista,0,0,0,False
RA-499,2023,2024,Aluno-499,2.0,11.0,M,2020,7.8883,Ametista,0,7.9,10.0,2.52,8.75,6.6,8.2975,10.0,5.3,7.8,,0,7.5794738095,10.0,Ametista,0,0,1,False
RA-5,2022,2023,Aluno-5,7.0,17.0,F,2016,7.427,Ametista,0,7.9,8.6,5.6,,5.2,7.389,10.0,7.0,2.9,5.7,0,,10.0,,0,0,0,False
RA-500,2022,2023,Aluno-500,1.0,10.0,F,2020,8.232,Topázio,-1,9.0,10.0,7.5,,9.5,7.889,5.0,9.5,9.5,,0,8.427533333,10.0,Topázio,0,0,0,False
RA-500,2023,2024,Aluno-500,2.0,11.0,F,2020,8.427533333,Topázio,0,9.5,10.0,2.52,8.958333333,7.9,8.7975,10.0,8.5,7.2,,0,8.077708333333334,10.0,Topázio,0,0,1,False
RA-501,2022,2023,Aluno-501,1.0,9.0,M,2021,7.794,Ametista,0,8.5,8.8,7.5,,6.8,7.333,10.0,8.0,5.7,,-1,8.1357,5.0,Topázio,1,1,0,False
RA-501,2023,2024,Aluno-501,1.0,10.0,M,2021,8.1357,Topázio,-1,7.0,8.4,7.52,8.541666667,8.9,9.396666667,5.0,9.2,8.5,,0,8.2779474937,10.0,Topázio,0,0,0,False
RA-502,2022,2023,Aluno-502,1.0,8.0,F,2021,8.287,Topázio,1,9.5,9.7,7.5,,7.4,7.778,10.0,6.7,8.2,,0,8.749075,10.0,Topázio,0,1,0,False
RA-502,2023,2024,Aluno-502,1.0,9.0,F,2021,8.749075,Topázio,0,8.5,9.8,7.52,7.96875,8.0,8.95,10.0,6.7,9.3,,0,8.5023309524,10.0,Topázio,0,0,1,False
RA-503,2022,2023,Aluno-503,1.0,10.0,M,2020,7.95,Ametista,-1,8.5,10.0,7.5,,8.8,7.5,5.0,8.7,9.0,,0,8.4682,10.0,Topázio,0,0,0,False
RA-503,2023,2024,Aluno-503,2.0,,M,2020,8.4682,Topázio,0,9.5,10.0,2.52,8.75,8.7,8.255,10.0,8.7,8.7,,1,8.547495614066667,10.0,Topázio,0,0,0,False
RA-504,2022,2023,Aluno-504,1.0,9.0,F,2021,8.072,Topázio,0,8.5,8.9,7.5,,8.0,7.556,10.0,7.8,8.2,,0,8.299533333,10.0,Topázio,0,0,0,False
RA-506,2022,2023,Aluno-506,1.0,12.0,M,2020,7.132,Ametista,-2,9.5,7.3,7.5,,7.2,7.278,5.0,8.3,6.0,,-1,7.750033333,5.0,Ametista,1,0,0,False
RA-508,2022,2023,Aluno-508,1.0,10.0,M,2022,6.575,Ágata,-1,8.0,7.4,7.5,,4.5,7.556,5.0,0.0,9.0,,0,7.671633333,10.0,Ametista,0,0,0,False
RA-508,2023,2024,Aluno-508,2.0,10.0,M,2022,7.671633333,Ametista,0,6.4,8.6,2.52,8.333333333,7.5,8.6725,10.0,6.2,8.7,,1,6.771708625733333,10.0,Ágata,0,0,1,False
RA-509,2022,2023,Aluno-509,1.0,12.0,F,2018,7.808,Ametista,-2,9.0,8.2,7.5,,9.2,7.833,5.0,9.3,9.0,,-1,7.606033333,5.0,Ametista,1,0,1,False
RA-509,2023,2024,Aluno-509,2.0,12.0,F,2018,7.606033333,Ametista,-1,8.5,8.1,2.52,8.958333333,8.6,8.84,5.0,8.2,9.0,,0,6.918152272733334,10.0,Ágata,0,0,1,False
RA-513,2022,2023,Aluno-513,1.0,9.0,M,2021,8.229,Topázio,0,9.0,9.6,5.6,,8.3,7.778,10.0,8.2,8.5,,0,8.297866667,10.0,Topázio,0,0,0,False
RA-513,2023,2024,Aluno-513,2.0,10.0,M,2021,8.297866667,Topázio,0,9.5,9.7,2.52,8.541666667,7.5,9.0075,10.0,7.2,7.8,,1,8.728632539666668,10.0,Topázio,0,0,0,False
RA-514,2022,2023,Aluno-514,1.0,9.0,F,2022,7.039,Ametista,0,8.0,9.7,7.5,,4.8,5.889,10.0,2.0,7.5,,-1,5.823133333,5.0,Quartzo,1,1,1,False
RA-514,2023,2024,Aluno-514,1.0,,F,2022,5.823133333,Quartzo,-1,7.9,7.5,2.52,5.0,5.5,5.896666667,5.0,4.2,6.8,,0,6.219580952400001,10.0,Ágata,0,0,0,False
RA-516,2022,2023,Aluno-516,1.0,9.0,M,2019,8.903,Topázio,0,10.0,9.7,7.5,,9.9,8.056,10.0,10.0,9.8,,0,8.6807,10.0,Topázio,0,0,1,False
RA-516,2023,2024,Aluno-516,2.0,10.0,M,2019,8.6807,Topázio,0,10.0,9.8,2.52,8.75,9.3,8.7175,10.0,9.0,9.5,,1,8.384033333366668,10.0,Topázio,0,0,1,False
RA-517,2022,2023,Aluno-517,1.0,12.0,F,2017,7.604,Ametista,-2,6.9,9.5,7.5,,7.7,7.833,5.0,7.8,7.5,,-1,6.3104,5.0,Ágata,1,0,1,False
RA-517,2023,2024,Aluno-517,2.0,13.0,F,2017,6.3104,Ágata,-1,4.1,9.0,2.52,6.875,6.6,6.7125,5.0,4.5,8.7,,0,5.880466583166668,10.0,Quartzo,0,0,1,False
RA-518,2022,2023,Aluno-518,1.0,10.0,M,2022,7.661,Ametista,-1,9.0,9.4,7.5,,7.5,7.5,5.0,6.0,9.0,,0,7.5762,10.0,Ametista,0,0,1,False
RA-518,2023,2024,Aluno-518,2.0,11.0,M,2022,7.5762,Ametista,0,8.5,8.5,5.0,8.125,6.7,6.9175,10.0,5.5,7.8,,0,6.3467483709,10.0,Ágata,0,0,1,False
RA-519,2022,2023,Aluno-519,1.0,9.0,M,2022,8.0,Ametista,0,7.4,9.6,7.5,,7.5,7.333,10.0,7.0,8.0,,-1,8.0177,5.0,Topázio,1,1,0,False
RA-52,2022,2023,Aluno-52,5.0,13.0,M,2018,7.861,Ametista,2,9.6,8.9,7.5,,6.2,7.5,10.0,3.3,6.3,8.8,1,7.9642,10.0,Ametista,0,1,0,False
RA-52,2023,2024,Aluno-52,5.0,,M,2018,7.9642,Ametista,1,10.0,9.8,2.52,8.125,6.4,8.2975,10.0,7.7,4.8,6.7,2,8.144466666733333,10.0,Topázio,0,0,0,False
RA-521,2022,2023,Aluno-521,1.0,9.0,M,2022,7.725,Ametista,0,9.0,10.0,5.0,,6.0,7.5,10.0,5.0,7.0,,-1,6.768666667,5.0,Ágata,1,1,1,False
RA-521,2023,2024,Aluno-521,1.0,,M,2022,6.768666667,Ágata,-1,0.0,9.9,3.77,7.083333333,7.9,8.166666667,5.0,7.0,8.7,,0,7.479842857199999,10.0,Ametista,0,0,0,False
RA-522,2022,2023,Aluno-522,1.0,9.0,M,2021,8.306,Topázio,0,9.5,9.1,7.5,,7.5,8.167,10.0,7.0,8.0,,-1,7.890533333,5.0,Ametista,1,1,1,False
RA-522,2023,2024,Aluno-522,1.0,,M,2021,7.890533333,Ametista,-1,7.5,9.2,7.52,7.083333333,8.3,8.45,5.0,8.3,8.2,,0,8.6777119048,10.0,Topázio,0,0,0,False
RA-524,2022,2023,Aluno-524,1.0,11.0,M,2019,6.947,Ágata,-1,0.0,9.4,5.0,,9.1,8.056,5.0,9.0,9.2,,-1,7.331133333,5.0,Ametista,1,0,0,False
RA-524,2023,2024,Aluno-524,2.0,,M,2019,7.331133333,Ametista,-1,6.4,9.2,2.52,8.333333333,8.9,7.42,5.0,9.0,8.8,,0,7.026322556366667,10.0,Ametista,0,0,1,False
RA-525,2022,2023,Aluno-525,1.0,11.0,F,2021,8.013,Ametista,-1,9.0,9.3,7.5,,8.6,8.167,5.0,8.3,8.8,,-1,7.911366667,5.0,Ametista,1,0,1,False
RA-526,2022,2023,Aluno-526,1.0,12.0,M,2022,8.079,Topázio,-2,10.0,9.9,7.5,,8.0,8.167,5.0,7.7,8.3,,-1,8.0957,5.0,Topázio,1,0,0,False
RA-526,2023,2024,Aluno-526,2.0,,M,2022,8.0957,Topázio,-1,9.5,9.8,5.0,8.75,8.8,7.7525,5.0,8.3,9.3,,-1,7.843157894833334,5.0,Ametista,1,0,1,False
RA-527,2022,2023,Aluno-527,1.0,9.0,F,2022,8.025,Ametista,0,8.5,10.0,7.5,,6.5,7.5,10.0,5.0,8.0,,-1,7.5682,5.0,Ametista,1,1,1,False
RA-527,2023,2024,Aluno-527,1.0,,F,2022,7.5682,Ametista,-1,9.0,9.1,7.52,7.5,6.5,7.78,5.0,5.7,7.2,,0,8.1403666666,10.0,Topázio,0,0,0,False
RA-528,2022,2023,Aluno-528,1.0,11.0,M,2021,5.335,Quartzo,-1,0.0,6.2,7.5,,4.0,6.944,5.0,5.3,2.7,,-1,7.6892,5.0,Ametista,1,0,0,False
RA-528,2023,2024,Aluno-528,2.0,,M,2021,7.6892,Ametista,-1,9.0,8.5,5.0,8.75,8.2,7.92,5.0,7.5,8.8,,0,7.276330075300001,10.0,Ametista,0,0,1,False
RA-529,2022,2023,Aluno-529,1.0,12.0,M,2020,6.51,Ágata,-2,8.5,8.9,5.0,,5.2,6.556,5.0,3.3,7.0,,-2,7.278991667,5.0,Ametista,1,0,0,False
RA-529,2023,2024,Aluno-529,1.0,,M,2020,7.278991667,Ametista,-2,8.0,9.6,7.52,5.78125,6.8,6.893333333,5.0,4.8,8.7,,-1,5.2661285715,5.0,Quartzo,1,0,1,False
RA-53,2022,2023,Aluno-53,5.0,17.0,M,2022,6.725,Ágata,-2,9.2,7.0,7.5,,7.0,6.458,5.0,6.0,8.0,,-2,7.600633333,5.0,Ametista,1,0,0,False
RA-530,2022,2023,Aluno-530,1.0,10.0,M,2019,8.338,Topázio,-1,10.0,9.0,7.5,,8.9,9.056,5.0,9.0,8.8,,0,7.653033333,10.0,Ametista,0,0,1,False
RA-530,2023,2024,Aluno-530,2.0,11.0,M,2019,7.653033333,Ametista,0,10.0,8.8,5.0,7.708333333,5.7,7.46,10.0,5.8,5.5,,0,7.214534419433333,10.0,Ametista,0,0,1,False
RA-531,2022,2023,Aluno-531,1.0,10.0,M,2022,8.057,Ametista,-1,9.5,9.8,7.5,,7.8,8.167,5.0,8.7,7.0,,0,8.3252,10.0,Topázio,0,0,0,False
RA-531,2023,2024,Aluno-531,2.0,11.0,M,2022,8.3252,Topázio,0,9.5,10.0,2.52,8.75,7.7,8.59,10.0,6.3,9.0,,0,7.912792647066666,10.0,Ametista,0,0,1,False
RA-533,2022,2023,Aluno-533,1.0,10.0,M,2022,6.962,Ágata,-1,8.5,8.8,5.6,,6.0,7.333,5.0,5.0,7.0,,-1,7.434866667,5.0,Ametista,1,0,0,False
RA-534,2022,2023,Aluno-534,1.0,12.0,F,2021,7.131,Ametista,-2,9.0,7.4,7.5,,7.1,7.333,5.0,6.5,7.7,,-1,5.8385,5.0,Quartzo,1,0,1,False
RA-534,2023,2024,Aluno-534,2.0,13.0,M,2021,5.8385,Quartzo,-1,0.0,8.1,2.52,8.125,5.4,7.92,5.0,3.7,7.0,,0,7.088855054266667,10.0,Ametista,0,0,0,False
RA-535,2022,2023,Aluno-535,1.0,10.0,F,2019,6.953,Ágata,-1,9.0,9.2,7.5,,5.1,6.917,5.0,4.7,5.5,,0,8.0027,10.0,Topázio,0,0,0,False
RA-535,2023,2024,Aluno-535,2.0,,F,2019,8.0027,Topázio,0,9.0,9.4,5.0,8.125,5.6,8.95,10.0,4.7,6.5,,0,7.659555952400001,10.0,Ametista,0,0,1,False
RA-536,2022,2023,Aluno-536,1.0,10.0,F,2020,7.106,Ametista,-1,9.5,8.9,5.6,,6.0,7.75,5.0,6.3,5.7,,0,7.759533333,10.0,Ametista,0,0,0,False
RA-536,2023,2024,Aluno-536,2.0,10.0,F,2020,7.759533333,Ametista,0,8.0,9.3,2.52,8.333333333,5.9,9.17,10.0,5.0,6.8,,1,7.7704681818,10.0,Ametista,0,0,0,False
RA-538,2022,2023,Aluno-538,1.0,13.0,M,2022,6.309,Ágata,-2,8.5,7.5,5.6,,6.8,5.583,5.0,4.5,9.0,,-1,6.413466667,5.0,Ágata,1,0,0,False
RA-538,2023,2024,Aluno-538,2.0,13.0,M,2022,6.413466667,Ágata,-1,7.4,8.6,2.52,7.916666667,4.7,7.39,5.0,3.5,5.8,,-1,6.514094017066666,5.0,Ágata,1,0,0,False
RA-539,2022,2023,Aluno-539,1.0,11.0,F,2022,7.665,Ametista,-1,8.5,9.3,6.9,,7.5,8.417,5.0,6.8,8.2,,-1,7.796866667,5.0,Ametista,1,0,0,False
RA-539,2023,2024,Aluno-539,2.0,,F,2022,7.796866667,Ametista,-1,9.5,8.6,2.52,9.166666667,8.5,8.84,5.0,7.2,9.7,,0,8.465533333333335,10.0,Topázio,0,0,0,False
RA-540,2022,2023,Aluno-540,1.0,10.0,F,2019,7.303,Ametista,-1,8.5,9.5,5.6,,7.0,7.5,5.0,6.8,7.2,,0,8.216033333,10.0,Topázio,0,0,0,False
RA-542,2022,2023,Aluno-542,1.0,11.0,F,2019,7.221,Ametista,-1,8.0,9.8,6.3,,6.5,7.417,5.0,5.3,7.7,,-1,7.816533333,5.0,Ametista,1,0,0,False
RA-542,2023,2024,Aluno-542,2.0,12.0,F,2019,7.816533333,Ametista,-1,9.5,9.7,5.0,8.75,6.3,9.006666667,5.0,5.2,7.3,,0,6.7205649586,10.0,Ágata,0,0,1,False
RA-543,2022,2023,Aluno-543,1.0,10.0,F,2022,7.05,Ametista,-1,8.5,9.8,4.4,,6.5,7.167,5.0,5.0,8.0,,0,7.971833333,10.0,Ametista,0,0,0,False
RA-543,2023,2024,Aluno-543,2.0,11.0,F,2022,7.971833333,Ametista,0,7.8,9.8,2.52,8.75,6.5,9.006666667,10.0,5.5,7.5,,1,8.0467871118,10.0,Topázio,0,0,0,False
RA-546,2022,2023,Aluno-546,1.0,11.0,F,2021,6.77,Ágata,-1,9.0,7.9,5.0,,5.6,7.917,5.0,3.3,7.8,,-1,6.031666667,5.0,Ágata,1,0,1,False
RA-546,2023,2024,Aluno-546,2.0,,F,2021,6.031666667,Ágata,-1,0.0,7.2,2.52,8.75,5.7,9.173333333,5.0,3.5,7.8,,0,5.702426010066667,10.0,Quartzo,0,0,1,False
RA-547,2022,2023,Aluno-547,1.0,11.0,F,2019,7.745,Ametista,-1,9.5,9.7,5.0,,7.6,8.833,5.0,7.3,7.8,,-1,6.467,5.0,Ágata,1,0,1,False
RA-547,2023,2024,Aluno-547,2.0,12.0,F,2019,6.467,Ágata,-1,0.0,9.1,2.52,8.75,6.2,8.95,5.0,5.0,7.3,,0,7.210290672333333,10.0,Ametista,0,0,0,False
RA-548,2022,2023,Aluno-548,1.0,12.0,M,2019,7.292,Ametista,-2,8.0,9.1,6.9,,7.2,7.583,5.0,5.7,8.7,,-1,7.4322,5.0,Ametista,1,0,0,False
RA-548,2023,2024,Aluno-548,2.0,12.0,M,2019,7.4322,Ametista,-1,9.0,9.1,2.52,8.333333333,7.4,8.283333333,5.0,6.2,8.5,,0,7.240168803466668,10.0,Ametista,0,0,1,False
RA-549,2022,2023,Aluno-549,1.0,10.0,M,2021,6.301,Ágata,-1,10.0,7.9,6.9,,4.2,6.167,5.0,2.2,6.2,,-1,7.0297,5.0,Ametista,1,0,0,False
RA-549,2023,2024,Aluno-549,1.0,,M,2021,7.0297,Ametista,-1,9.5,8.1,5.02,6.875,6.4,7.5,5.0,5.5,7.2,,-1,6.5398187888,5.0,Ágata,1,0,1,False
RA-55,2022,2023,Aluno-55,5.0,16.0,F,2017,6.576,Ágata,-1,7.1,7.6,5.6,,7.5,6.5,5.0,6.7,7.8,7.9,-1,6.898033333,5.0,Ágata,1,0,0,False
RA-551,2022,2023,Aluno-551,1.0,12.0,F,2018,6.853,Ágata,-2,8.5,7.3,6.9,,6.6,7.333,5.0,5.0,8.2,,-1,7.075033333,5.0,Ametista,1,0,0,False
RA-552,2022,2023,Aluno-552,1.0,11.0,M,2022,6.625,Ágata,-1,9.5,8.8,5.0,,5.5,7.167,5.0,6.0,5.0,,-2,5.248666667,5.0,Quartzo,1,1,1,False
RA-555,2022,2023,Aluno-555,1.0,12.0,M,2019,5.949,Quartzo,-2,9.5,8.1,5.0,,4.4,5.167,5.0,1.8,7.0,,-1,5.898133333,5.0,Quartzo,1,0,1,False
RA-555,2023,2024,Aluno-555,2.0,,M,2019,5.898133333,Quartzo,-1,7.4,8.1,2.52,6.25,3.9,6.946666667,5.0,1.5,6.2,,-1,5.111470186333333,5.0,Quartzo,1,0,1,False
RA-556,2022,2023,Aluno-556,1.0,11.0,F,2018,7.181,Ametista,-1,9.0,8.8,5.0,,6.4,8.25,5.0,4.8,8.0,,-1,7.7482,5.0,Ametista,1,0,0,False
RA-556,2023,2024,Aluno-556,2.0,,F,2018,7.7482,Ametista,-1,8.5,9.6,2.52,9.166666667,7.2,9.396666667,5.0,6.5,7.8,,0,5.833377380933333,10.0,Quartzo,0,0,1,False
RA-557,2022,2023,Aluno-557,1.0,10.0,M,2019,8.334,Topázio,-1,10.0,8.4,7.5,,9.4,9.333,5.0,10.0,8.8,,0,8.7717,10.0,Topázio,0,0,0,False
RA-557,2023,2024,Aluno-557,2.0,,M,2019,8.7717,Topázio,0,10.0,8.2,5.0,9.375,8.9,9.62,10.0,8.0,9.7,,0,9.350986466133334,10.0,Topázio,0,0,0,False
RA-558,2022,2023,Aluno-558,1.0,14.0,M,2022,5.539,Quartzo,-3,9.0,8.5,5.0,,4.3,4.5,2.5,0.5,8.0,,-3,6.615333333,2.5,Ágata,1,0,0,False
RA-558,2023,2024,Aluno-558,2.0,,M,2022,6.615333333,Ágata,-3,7.8,9.4,5.0,6.458333333,6.0,6.78,2.5,5.7,6.3,,-2,5.048054503133334,5.0,Quartzo,1,0,1,False
RA-559,2022,2023,Aluno-559,1.0,11.0,M,2021,7.634,Ametista,-1,9.5,9.2,7.5,,7.1,8.083,5.0,7.2,7.0,,-1,7.947366667,5.0,Ametista,1,0,0,False
RA-559,2023,2024,Aluno-559,2.0,,M,2021,7.947366667,Ametista,-1,10.0,9.4,5.0,8.958333333,7.4,8.506666667,5.0,6.5,8.2,,0,6.158158974333333,10.0,Ágata,0,0,1,False
RA-56,2022,2023,Aluno-56,5.0,15.0,F,2019,8.404,Topázio,0,10.0,10.0,7.5,,7.0,8.25,10.0,4.5,6.5,10.0,0,8.284333333,10.0,Topázio,0,0,1,False
RA-56,2023,2024,Aluno-56,6.0,16.0,F,2019,8.284333333,Topázio,0,9.6,9.5,5.0,8.125,7.8,7.8,10.0,7.8,5.5,10.0,0,9.0770201754,10.0,Topázio,0,0,0,False
RA-560,2022,2023,Aluno-560,1.0,11.0,M,2020,4.949,Quartzo,-1,6.9,7.2,5.0,,3.8,3.75,5.0,3.2,4.3,,-1,4.932,5.0,Quartzo,1,0,1,False
RA-562,2022,2023,Aluno-562,1.0,11.0,F,2021,7.855,Ametista,-1,8.0,9.0,7.5,,8.0,8.75,5.0,8.3,7.7,,-1,6.824833333,5.0,Ágata,1,0,1,False
RA-562,2023,2024,Aluno-562,2.0,12.0,F,2021,6.824833333,Ágata,-1,0.0,8.5,2.52,8.541666667,8.7,8.893333333,5.0,7.7,9.7,,0,8.392733333333334,10.0,Topázio,0,0,0,False
RA-563,2022,2023,Aluno-563,1.0,11.0,F,2020,8.22,Topázio,-1,10.0,9.2,7.5,,8.5,8.833,5.0,9.0,8.0,,0,7.684133333,10.0,Ametista,0,0,1,False
RA-563,2023,2024,Aluno-563,2.0,11.0,F,2020,7.684133333,Ametista,0,6.4,9.7,2.52,8.75,6.2,8.726666667,10.0,6.0,6.3,,0,8.595447619066668,10.0,Topázio,0,0,0,False
RA-566,2022,2023,Aluno-566,1.0,12.0,F,2022,7.729,Ametista,-2,9.5,8.4,7.5,,8.5,7.917,5.0,9.5,7.5,,-1,7.7227,5.0,Ametista,1,0,1,False
RA-568,2022,2023,Aluno-568,1.0,14.0,M,2018,7.306,Ametista,-3,8.0,8.6,6.9,,8.3,7.944,2.5,8.0,8.5,,-3,6.9647,2.5,Ágata,1,0,1,False
RA-568,2023,2024,Aluno-568,2.0,,M,2018,6.9647,Ágata,-3,7.0,7.9,5.0,8.125,7.6,8.01,2.5,8.5,6.7,,-2,5.545864285733334,5.0,Quartzo,1,0,1,False
RA-57,2022,2023,Aluno-57,5.0,16.0,M,2017,7.305,Ametista,-1,7.1,8.1,5.6,,8.4,7.875,5.0,9.0,7.0,9.3,-1,6.450875,5.0,Ágata,1,0,1,False
RA-57,2023,2024,Aluno-57,6.0,,M,2017,6.450875,Ágata,-1,0.0,8.0,5.63,7.96875,7.2,7.755,5.0,7.8,6.8,7.0,0,7.419380430199999,10.0,Ametista,0,0,0,False
RA-570,2022,2023,Aluno-570,1.0,10.0,F,2019,5.722,Quartzo,-1,9.0,7.0,7.5,,1.3,6.778,5.0,0.7,2.0,,-1,6.781033333,5.0,Ágata,1,0,0,False
RA-570,2023,2024,Aluno-570,1.0,,F,2019,6.781033333,Ágata,-1,8.5,7.3,3.77,8.125,5.9,8.056666667,5.0,5.7,6.0,,-1,6.8133640787,5.0,Ágata,1,0,0,False
RA-571,2022,2023,Aluno-571,1.0,11.0,F,2019,6.589,Ágata,-1,8.5,8.8,7.5,,3.7,6.944,5.0,3.3,4.0,,-2,6.6097,5.0,Ágata,1,1,0,False
RA-571,2023,2024,Aluno-571,1.0,12.0,F,2019,6.6097,Ágata,-2,9.0,7.9,3.77,7.291666667,5.0,7.616666667,5.0,3.8,6.2,,-1,6.2964554348,5.0,Ágata,1,0,1,False
RA-573,2022,2023,Aluno-573,1.0,11.0,M,2020,8.261,Topázio,-1,9.5,9.9,7.5,,8.2,8.944,5.0,8.3,8.0,,-1,7.774366667,5.0,Ametista,1,0,1,False
RA-573,2023,2024,Aluno-573,2.0,,M,2020,7.774366667,Ametista,-1,9.5,9.8,5.0,8.541666667,6.6,8.45,5.0,5.7,7.5,,0,7.839050000000001,10.0,Ametista,0,0,0,False
RA-574,2022,2023,Aluno-574,1.0,10.0,M,2022,6.86,Ágata,-1,9.5,7.2,5.0,,7.5,6.944,5.0,5.5,9.5,,0,7.878133333,10.0,Ametista,0,0,0,False
RA-576,2022,2023,Aluno-576,1.0,10.0,F,2022,7.59,Ametista,-1,9.5,9.1,7.5,,7.8,7.111,5.0,7.5,8.0,,-1,7.984741667,5.0,Ametista,1,0,0,False
RA-576,2023,2024,Aluno-576,1.0,11.0,F,2022,7.984741667,Ametista,-1,9.0,9.3,5.02,9.21875,8.0,8.503333333,5.0,6.5,9.5,,0,8.93195,10.0,Topázio,0,0,0,False
RA-577,2022,2023,Aluno-577,1.0,10.0,F,2022,7.862,Ametista,-1,9.5,9.3,7.5,,9.0,7.111,5.0,8.3,9.7,,-1,7.219366667,5.0,Ametista,1,0,1,False
RA-577,2023,2024,Aluno-577,1.0,11.0,F,2022,7.219366667,Ametista,-1,10.0,8.2,3.77,6.875,7.4,7.673333333,5.0,6.5,8.3,,-1,6.629159109700001,5.0,Ágata,1,0,1,False
RA-578,2022,2023,Aluno-578,1.0,10.0,M,2019,8.814,Topázio,-1,9.5,10.0,8.8,,9.5,9.611,5.0,9.3,9.7,,0,9.013866667,10.0,Topázio,0,0,0,False
RA-578,2023,2024,Aluno-578,2.0,11.0,M,2019,9.013866667,Topázio,0,9.0,10.0,2.52,9.791666667,9.7,9.7625,10.0,9.8,9.5,,1,9.066199999966669,10.0,Topázio,0,0,0,False
RA-58,2022,2023,Aluno-58,5.0,15.0,M,2017,8.136,Topázio,0,9.6,9.2,6.3,,7.2,8.125,10.0,4.5,8.0,9.0,0,7.70625,10.0,Ametista,0,0,1,False
RA-58,2023,2024,Aluno-58,6.0,,M,2017,7.70625,Ametista,0,0.0,9.7,6.26,8.4375,8.1,8.3825,10.0,7.8,6.5,10.0,0,8.7713289474,10.0,Topázio,0,0,0,False
RA-580,2022,2023,Aluno-580,1.0,10.0,F,2020,7.525,Ametista,-1,8.0,9.6,7.5,,7.6,7.167,5.0,6.3,8.8,,-1,8.4712,5.0,Topázio,1,0,0,False
RA-580,2023,2024,Aluno-580,1.0,11.0,F,2020,8.4712,Topázio,-1,8.5,9.8,7.52,8.75,9.0,8.67,5.0,8.7,9.3,,-1,7.9281521222,5.0,Ametista,1,0,1,False
RA-581,2022,2023,Aluno-581,1.0,10.0,M,2019,6.464,Ágata,-1,7.5,8.9,7.5,,5.0,5.889,5.0,5.3,4.7,,-1,7.7167,5.0,Ametista,1,0,0,False
RA-581,2023,2024,Aluno-581,1.0,11.0,M,2019,7.7167,Ametista,-1,8.0,9.8,7.52,6.458333333,7.9,7.393333333,5.0,7.0,8.8,,-1,7.0833015528,5.0,Ametista,1,0,1,False
RA-583,2022,2023,Aluno-583,1.0,12.0,F,2019,7.456,Ametista,-2,8.5,9.4,7.5,,7.1,7.333,5.0,6.2,8.0,,-1,7.838866667,5.0,Ametista,1,0,0,False
RA-583,2023,2024,Aluno-583,2.0,,F,2019,7.838866667,Ametista,-1,9.0,9.4,7.52,8.333333333,6.3,8.616666667,5.0,5.5,7.0,,0,7.447591035933334,10.0,Ametista,0,0,1,False
RA-584,2022,2023,Aluno-584,1.0,10.0,F,2019,6.714,Ágata,-1,8.0,8.5,7.5,,4.6,7.333,5.0,4.5,4.7,,0,7.697533333,10.0,Ametista,0,0,0,False
RA-584,2023,2024,Aluno-584,2.0,11.0,F,2019,7.697533333,Ametista,0,9.5,9.0,2.52,8.333333333,5.8,8.56,10.0,5.0,6.5,,0,6.752914393933334,10.0,Ágata,0,0,1,False
RA-586,2022,2023,Aluno-586,1.0,10.0,F,2021,7.988,Ametista,-1,10.0,9.6,5.6,,8.2,8.778,5.0,8.2,8.2,,0,8.4242,10.0,Topázio,0,0,0,False
RA-586,2023,2024,Aluno-586,2.0,10.0,F,2021,8.4242,Topázio,0,8.0,10.0,2.52,8.333333333,8.4,9.343333333,10.0,7.5,9.2,,1,8.702387301666668,10.0,Topázio,0,0,0,False
RA-587,2022,2023,Aluno-587,1.0,10.0,M,2022,6.632,Ágata,-1,9.5,9.3,7.5,,3.8,6.167,5.0,1.0,6.5,,-1,6.032033333,5.0,Ágata,1,0,1,False
RA-587,2023,2024,Aluno-587,1.0,,M,2022,6.032033333,Ágata,-1,8.5,7.0,7.52,6.458333333,2.7,6.72,5.0,2.2,3.2,,-2,6.817057142900001,5.0,Ágata,1,1,0,False
RA-588,2022,2023,Aluno-588,1.0,9.0,F,2021,8.622,Topázio,0,9.5,10.0,5.6,,9.3,8.278,10.0,9.3,9.2,,0,8.3527,10.0,Topázio,0,0,1,False
RA-588,2023,2024,Aluno-588,2.0,10.0,F,2021,8.3527,Topázio,0,8.0,9.6,2.52,8.958333333,7.8,9.673333333,10.0,7.5,8.0,,1,8.676133333333334,10.0,Topázio,0,0,0,False
RA-59,2022,2023,Aluno-59,5.0,17.0,M,2022,7.642,Ametista,-2,9.2,9.3,7.5,,7.2,7.917,5.0,7.0,5.7,8.8,-2,7.692291667,5.0,Ametista,1,0,0,False
RA-59,2023,2024,Aluno-59,6.0,,M,2022,7.692291667,Ametista,-2,7.5,9.6,5.63,8.28125,7.2,8.4225,5.0,7.7,6.8,7.2,0,,10.0,,0,0,0,False
RA-590,2022,2023,Aluno-590,1.0,10.0,F,2020,7.435,Ametista,-1,8.5,8.6,7.5,,7.4,7.611,5.0,5.7,9.2,,0,7.647666667,10.0,Ametista,0,0,0,False
RA-590,2023,2024,Aluno-590,2.0,11.0,F,2020,7.647666667,Ametista,0,6.3,9.7,3.77,7.291666667,6.5,8.34,10.0,5.7,7.3,,-1,6.712378053800001,5.0,Ágata,1,1,1,False
RA-591,2022,2023,Aluno-591,1.0,11.0,M,2021,7.507,Ametista,-1,9.5,9.3,7.5,,7.1,7.389,5.0,7.8,6.3,,-1,7.1472,5.0,Ametista,1,0,1,False
RA-591,2023,2024,Aluno-591,2.0,,M,2021,7.1472,Ametista,-1,9.0,8.5,6.27,5.833333333,6.9,7.333333333,5.0,6.2,7.5,,-1,6.8360336957,5.0,Ágata,1,0,1,False
RA-592,2022,2023,Aluno-592,1.0,10.0,F,2020,7.381,Ametista,-1,8.0,8.5,5.6,,8.4,7.778,5.0,7.2,9.7,,0,7.935466667,10.0,Ametista,0,0,0,False
RA-592,2023,2024,Aluno-592,2.0,11.0,F,2020,7.935466667,Ametista,0,6.2,9.2,3.77,7.916666667,7.6,8.95,10.0,5.5,9.7,,1,7.121622213600001,10.0,Ametista,0,0,1,False
RA-594,2022,2023,Aluno-594,1.0,10.0,M,2022,7.392,Ametista,-1,8.0,9.4,7.5,,7.8,6.889,5.0,6.0,9.5,,-1,6.702033333,5.0,Ágata,1,0,1,False
RA-594,2023,2024,Aluno-594,1.0,11.0,M,2022,6.702033333,Ágata,-1,8.5,7.1,6.27,6.875,5.8,7.336666667,5.0,6.2,5.3,,0,6.890966666600001,10.0,Ágata,0,0,0,False
RA-595,2022,2023,Aluno-595,1.0,12.0,M,2018,5.18,Quartzo,-2,8.5,5.5,7.5,,1.0,6.0,5.0,2.0,0.0,,-1,5.078666667,5.0,Quartzo,1,0,1,False
RA-597,2022,2023,Aluno-597,1.0,9.0,M,2022,8.265,Topázio,0,9.0,10.0,7.5,,8.0,7.056,10.0,6.5,9.5,,-1,8.49045,5.0,Topázio,1,1,0,False
RA-597,2023,2024,Aluno-597,1.0,10.0,M,2022,8.49045,Topázio,-1,10.0,9.6,7.52,9.0625,8.5,8.56,5.0,7.8,9.2,,0,7.843291097300001,10.0,Ametista,0,0,1,False
RA-599,2022,2023,Aluno-599,1.0,10.0,M,2022,8.2,Topázio,-1,9.5,9.2,7.5,,9.1,8.556,5.0,8.3,9.8,,0,8.532866667,10.0,Topázio,0,0,0,False
RA-599,2023,2024,Aluno-599,2.0,10.0,M,2022,8.532866667,Topázio,0,10.0,9.5,2.52,8.333333333,8.5,9.286666667,10.0,8.2,8.7,,1,8.3569352941,10.0,Topázio,0,0,1,False
RA-6,2022,2023,Aluno-6,7.0,18.0,F,2021,5.848,Quartzo,-1,7.9,4.5,7.5,,3.3,7.222,5.0,2.3,5.3,2.3,0,,10.0,,0,0,0,False
RA-6,2023,2024,Aluno-6,8.0,,F,2021,,,0,,,,,,,10.0,,,,0,,10.0,,0,0,0,False
RA-600,2022,2023,Aluno-600,1.0,9.0,F,2021,7.011,Ágata,0,8.5,8.4,7.5,,3.9,6.833,10.0,2.8,5.0,,-1,7.651658333,5.0,Ametista,1,1,0,False
RA-600,2023,2024,Aluno-600,1.0,10.0,F,2021,7.651658333,Ametista,-1,8.5,8.4,7.52,8.28125,7.2,8.056666667,5.0,6.5,7.8,,0,7.847373913,10.0,Ametista,0,0,0,False
RA-601,2022,2023,Aluno-601,1.0,8.0,M,2021,7.713,Ametista,1,9.0,9.7,7.5,,5.7,7.167,10.0,5.3,6.0,,0,8.955783333,10.0,Topázio,0,1,0,False
RA-601,2023,2024,Aluno-601,1.0,9.0,M,2021,8.955783333,Topázio,0,9.0,10.0,7.52,9.0625,8.7,8.336666667,10.0,8.0,9.3,,-1,8.5107,5.0,Topázio,1,1,1,False
RA-602,2022,2023,Aluno-602,1.0,11.0,M,2019,8.041,Ametista,-1,10.0,9.7,7.5,,8.6,7.667,5.0,8.3,8.8,,-1,8.5592,5.0,Topázio,1,0,0,False
RA-602,2023,2024,Aluno-602,2.0,12.0,M,2019,8.5592,Topázio,-1,10.0,9.6,7.52,8.75,8.1,9.51,5.0,7.3,8.8,,0,8.647409313733334,10.0,Topázio,0,0,0,False
RA-603,2022,2023,Aluno-603,1.0,11.0,F,2022,7.78,Ametista,-1,9.0,9.5,7.5,,7.5,8.0,5.0,6.7,8.3,,0,6.748833333,10.0,Ágata,0,0,1,False
RA-603,2023,2024,Aluno-603,2.0,11.0,M,2022,6.748833333,Ágata,0,0.0,8.9,2.52,7.708333333,7.0,7.78,10.0,5.7,8.2,,0,6.942277777866667,10.0,Ágata,0,0,0,False
RA-604,2022,2023,Aluno-604,1.0,10.0,F,2021,8.018,Ametista,-1,9.0,9.0,7.5,,8.8,8.333,5.0,8.0,9.7,,0,8.548033333,10.0,Topázio,0,0,0,False
RA-604,2023,2024,Aluno-604,2.0,,F,2021,8.548033333,Topázio,0,9.0,9.3,7.52,8.125,7.5,8.616666667,10.0,6.0,9.0,,1,7.429623555266667,10.0,Ametista,0,0,1,False
RA-605,2022,2023,Aluno-605,1.0,12.0,F,2021,7.276,Ametista,-2,6.9,9.3,6.9,,7.1,7.556,5.0,6.2,8.0,,-1,7.709366667,5.0,Ametista,1,0,0,False
RA-605,2023,2024,Aluno-605,2.0,12.0,F,2021,7.709366667,Ametista,-1,9.0,9.5,7.52,7.291666667,6.8,7.84,5.0,4.8,8.8,,0,6.0175222222,10.0,Ágata,0,0,1,False
RA-606,2022,2023,Aluno-606,1.0,10.0,M,2022,6.127,Ágata,-1,9.5,9.0,7.5,,1.8,6.111,5.0,2.0,1.5,,-1,7.402491667,5.0,Ametista,1,0,0,False
RA-606,2023,2024,Aluno-606,1.0,10.0,M,2022,7.402491667,Ametista,-1,8.5,8.5,7.52,7.65625,6.0,8.223333333,5.0,4.7,7.2,,0,6.645260606100001,10.0,Ágata,0,0,1,False
RA-607,2022,2023,Aluno-607,1.0,10.0,M,2022,6.44,Ágata,-1,6.8,8.1,7.5,,4.0,7.444,5.0,3.0,5.0,,-1,7.333075,5.0,Ametista,1,0,0,False
RA-607,2023,2024,Aluno-607,1.0,11.0,M,2022,7.333075,Ametista,-1,8.0,7.5,7.52,7.96875,6.8,8.17,5.0,4.8,8.7,,0,7.6486021739,10.0,Ametista,0,0,0,False
RA-608,2022,2023,Aluno-608,1.0,10.0,M,2022,7.216,Ametista,-1,7.8,9.6,7.5,,6.3,7.222,5.0,3.0,9.5,,-1,7.401741667,5.0,Ametista,1,0,0,False
RA-608,2023,2024,Aluno-608,1.0,10.0,M,2022,7.401741667,Ametista,-1,10.0,7.5,7.52,7.96875,6.2,8.113333333,5.0,6.0,6.3,,0,5.778986231800001,10.0,Quartzo,0,0,1,False
RA-609,2022,2023,Aluno-609,1.0,11.0,M,2019,6.794,Ágata,-1,8.5,7.6,7.5,,6.0,7.056,5.0,6.5,5.5,,-1,6.463033333,5.0,Ágata,1,0,1,False
RA-61,2022,2023,Aluno-61,5.0,15.0,M,2021,7.533,Ametista,0,9.2,7.4,7.5,,5.8,7.875,10.0,1.7,6.3,9.3,0,7.382108333,10.0,Ametista,0,0,1,False
RA-610,2022,2023,Aluno-610,1.0,9.0,F,2022,8.18,Topázio,0,9.0,9.6,7.5,,6.5,8.5,10.0,6.0,7.0,,0,8.2857,10.0,Topázio,0,0,0,False
RA-610,2023,2024,Aluno-610,2.0,,F,2022,8.2857,Topázio,0,10.0,10.0,2.52,8.541666667,7.0,8.896666667,10.0,6.3,7.7,,1,7.894888888933334,10.0,Ametista,0,0,1,False
RA-612,2022,2023,Aluno-612,1.0,10.0,F,2021,7.594,Ametista,-1,9.0,9.2,7.5,,7.9,7.167,5.0,9.7,6.2,,-1,8.410783333,5.0,Topázio,1,0,0,False
RA-612,2023,2024,Aluno-612,1.0,11.0,F,2021,8.410783333,Topázio,-1,9.0,9.7,3.77,9.0625,9.7,9.286666667,5.0,9.3,10.0,,0,9.1340409091,10.0,Topázio,0,0,0,False
RA-613,2022,2023,Aluno-613,1.0,13.0,M,2020,8.121,Topázio,-2,9.0,9.2,7.5,,9.2,8.556,5.0,9.2,9.2,,-1,6.864508333,5.0,Ágata,1,0,1,False
RA-613,2023,2024,Aluno-613,3.0,14.0,M,2020,6.864508333,Ágata,-1,9.2,9.4,5.0,6.71875,4.8,7.2125,5.0,4.3,6.2,3.8,-1,7.4019,5.0,Ametista,1,0,0,False
RA-614,2022,2023,Aluno-614,1.0,12.0,M,2021,8.339,Topázio,-2,9.5,9.7,7.5,,9.6,8.278,5.0,9.8,9.3,,-1,8.2282,5.0,Topázio,1,0,1,False
RA-614,2023,2024,Aluno-614,2.0,13.0,M,2021,8.2282,Topázio,-1,9.0,9.1,7.52,8.333333333,8.6,8.563333333,5.0,8.8,8.3,,-1,7.8284999999666685,5.0,Ametista,1,0,1,False
RA-615,2022,2023,Aluno-615,1.0,9.0,F,2020,8.086,Topázio,0,9.5,9.7,7.5,,7.3,6.889,10.0,7.8,6.7,,-1,7.815658333,5.0,Ametista,1,1,1,False
RA-616,2022,2023,Aluno-616,1.0,12.0,M,2019,7.303,Ametista,-2,7.4,7.4,7.5,,8.8,7.278,5.0,9.2,8.5,,-1,5.612,5.0,Quartzo,1,0,1,False
RA-616,2023,2024,Aluno-616,2.0,,M,2019,5.612,Quartzo,-1,0.0,6.6,5.02,5.833333333,6.8,6.783333333,5.0,5.5,8.0,,0,5.457877193033333,10.0,Quartzo,0,0,1,False
RA-617,2022,2023,Aluno-617,1.0,11.0,F,2021,7.107,Ametista,-1,8.5,8.9,7.5,,6.3,6.778,5.0,4.5,8.0,,-1,6.816166667,5.0,Ágata,1,0,1,False
RA-618,2022,2023,Aluno-618,1.0,13.0,M,2020,7.18,Ametista,-2,8.9,8.3,7.5,,6.7,7.333,5.0,6.8,6.5,,-2,6.4745,5.0,Ágata,1,0,1,False
RA-618,2023,2024,Aluno-618,2.0,,M,2020,6.4745,Ágata,-2,0.0,9.2,5.02,8.125,6.2,7.95,5.0,4.5,7.8,,-2,6.718348148233334,5.0,Ágata,1,0,0,False
RA-619,2022,2023,Aluno-619,1.0,11.0,F,2021,7.693,Ametista,-1,9.5,8.0,7.5,,9.0,7.333,5.0,9.2,8.8,,0,7.891366667,10.0,Ametista,0,0,0,False
RA-62,2022,2023,Aluno-62,5.0,17.0,M,2022,7.891,Ametista,-2,8.8,9.4,7.5,,9.3,7.25,5.0,8.5,10.0,,0,7.610333333,10.0,Ametista,0,0,1,False
RA-62,2023,2024,Aluno-62,7.0,17.0,F,2022,7.610333333,Ametista,0,0.0,9.8,6.89,8.25,7.5,8.215,10.0,9.3,6.8,6.3,0,,10.0,,0,0,0,False
RA-620,2022,2023,Aluno-620,1.0,12.0,M,2021,6.018,Ágata,-2,0.0,7.5,7.5,,6.8,6.833,5.0,8.5,5.0,,-1,7.043666667,5.0,Ametista,1,0,0,False
RA-620,2023,2024,Aluno-620,2.0,13.0,M,2021,7.043666667,Ametista,-1,6.8,8.4,7.52,6.875,6.2,7.503333333,5.0,5.2,7.2,,0,5.766892063566667,10.0,Quartzo,0,0,1,False
RA-623,2022,2023,Aluno-623,1.0,13.0,M,2022,7.524,Ametista,-2,7.5,9.0,7.5,,8.3,7.389,5.0,9.3,7.2,,-2,7.8307,5.0,Ametista,1,0,0,False
RA-623,2023,2024,Aluno-623,2.0,14.0,M,2022,7.8307,Ametista,-2,10.0,9.5,7.52,7.291666667,7.3,7.446666667,5.0,5.8,8.8,,-1,6.357733333300001,5.0,Ágata,1,0,1,False
RA-624,2022,2023,Aluno-624,1.0,10.0,M,2022,7.425,Ametista,-1,9.0,8.9,7.5,,6.8,7.722,5.0,8.0,5.5,,-1,8.270825,5.0,Topázio,1,0,0,False
RA-624,2023,2024,Aluno-624,1.0,,M,2022,8.270825,Topázio,-1,9.0,9.2,7.52,8.90625,8.6,8.39,5.0,8.3,8.8,,0,7.229425672900001,10.0,Ametista,0,0,1,False
RA-626,2022,2023,Aluno-626,1.0,11.0,M,2021,5.818,Quartzo,-1,7.4,7.6,7.5,,1.3,7.278,5.0,2.5,0.0,,-1,7.231033333,5.0,Ametista,1,0,0,False
RA-626,2023,2024,Aluno-626,2.0,12.0,M,2021,7.231033333,Ametista,-1,9.0,9.2,4.39,7.291666667,6.5,7.613333333,5.0,4.7,8.3,,0,6.407590225500001,10.0,Ágata,0,0,1,False
RA-628,2022,2023,Aluno-628,1.0,11.0,M,2022,7.577,Ametista,-1,9.5,7.6,7.5,,9.2,7.333,5.0,9.3,9.0,,-2,8.370325,5.0,Topázio,1,1,0,False
RA-628,2023,2024,Aluno-628,1.0,12.0,M,2022,8.370325,Topázio,-2,9.5,8.9,7.52,8.28125,9.4,8.45,5.0,9.0,9.7,,-1,8.2366166666,5.0,Topázio,1,0,1,False
RA-629,2022,2023,Aluno-629,1.0,9.0,M,2022,8.11,Topázio,0,9.0,10.0,7.5,,7.0,7.278,10.0,5.0,9.0,,-1,8.013866667,5.0,Topázio,1,1,1,False
RA-629,2023,2024,Aluno-629,1.0,10.0,F,2022,8.013866667,Topázio,-1,10.0,9.4,7.52,7.916666667,7.5,7.95,5.0,7.0,8.0,,0,8.061295238200001,10.0,Topázio,0,0,0,False
RA-63,2022,2023,Aluno-63,5.0,16.0,M,2018,8.282,Topázio,-1,8.3,9.1,8.8,,8.7,9.417,5.0,8.2,8.2,9.7,-1,8.0641,5.0,Topázio,1,0,1,False
RA-630,2022,2023,Aluno-630,1.0,9.0,M,2022,8.064,Topázio,0,9.5,9.2,7.5,,7.3,7.278,10.0,6.5,8.0,,-1,7.199991667,5.0,Ametista,1,1,1,False
RA-630,2023,2024,Aluno-630,1.0,10.0,M,2022,7.199991667,Ametista,-1,9.0,8.6,3.77,8.28125,5.7,8.673333333,5.0,4.2,7.2,,0,6.879985507300001,10.0,Ágata,0,0,1,False
RA-631,2022,2023,Aluno-631,1.0,12.0,M,2022,6.928,Ágata,-2,8.5,6.8,7.5,,7.0,7.222,5.0,7.3,6.7,,-1,5.954666667,5.0,Quartzo,1,0,1,False
RA-631,2023,2024,Aluno-631,2.0,13.0,M,2022,5.954666667,Quartzo,-1,0.0,6.4,6.27,7.916666667,7.0,6.78,5.0,6.0,8.0,,0,6.795673420466667,10.0,Ágata,0,0,0,False
RA-632,2022,2023,Aluno-632,1.0,10.0,F,2022,6.996,Ágata,-1,8.5,9.3,6.9,,6.3,6.722,5.0,5.5,7.2,,0,7.8768,10.0,Ametista,0,0,0,False
RA-632,2023,2024,Aluno-632,2.0,11.0,F,2022,7.8768,Ametista,0,4.7,9.1,5.64,8.333333333,7.4,8.563333333,10.0,6.8,8.0,,0,7.515491249000001,10.0,Ametista,0,0,1,False
RA-633,2022,2023,Aluno-633,1.0,11.0,F,2020,7.476,Ametista,-1,7.3,8.9,7.5,,7.7,7.833,5.0,6.8,8.5,,-1,6.6552,5.0,Ágata,1,0,1,False
RA-633,2023,2024,Aluno-633,2.0,,F,2020,6.6552,Ágata,-1,1.7,8.1,6.27,8.541666667,7.2,7.286666667,5.0,5.3,9.0,,0,5.228470175466667,10.0,Quartzo,0,0,1,False
RA-636,2022,2023,Aluno-636,1.0,10.0,M,2022,7.189,Ametista,-1,8.5,8.0,6.9,,7.3,7.389,5.0,7.3,7.3,,-1,6.836666667,5.0,Ágata,1,0,1,False
RA-636,2023,2024,Aluno-636,1.0,11.0,M,2022,6.836666667,Ágata,-1,0.0,8.3,5.64,8.333333333,9.0,7.446666667,5.0,9.2,8.7,,0,6.3802279106,10.0,Ágata,0,0,1,False
RA-637,2022,2023,Aluno-637,1.0,10.0,F,2021,7.039,Ametista,-1,8.5,9.0,7.5,,5.8,7.0,5.0,4.8,6.8,,-1,8.109533333,5.0,Topázio,1,0,0,False
RA-637,2023,2024,Aluno-637,1.0,11.0,F,2021,8.109533333,Topázio,-1,8.0,9.5,7.52,8.333333333,8.5,8.17,5.0,8.7,8.2,,0,7.6853212122,10.0,Ametista,0,0,1,False
RA-638,2022,2023,Aluno-638,1.0,9.0,F,2020,7.059,Ametista,0,8.5,9.3,7.5,,3.9,6.278,10.0,2.0,5.8,,-1,7.754866667,5.0,Ametista,1,1,0,False
RA-638,2023,2024,Aluno-638,1.0,,F,2020,7.754866667,Ametista,-1,9.0,9.4,7.52,8.333333333,6.5,7.946666667,5.0,6.8,6.2,,0,6.7464878789,10.0,Ágata,0,0,1,False
RA-639,2022,2023,Aluno-639,1.0,10.0,F,2021,6.613,Ágata,-1,8.5,7.4,7.5,,5.5,6.611,5.0,3.2,7.8,,0,7.5853,10.0,Ametista,0,0,0,False
RA-639,2023,2024,Aluno-639,2.0,11.0,F,2021,7.5853,Ametista,0,7.4,8.1,6.27,8.125,6.3,7.62,10.0,4.8,7.8,,0,5.7693807644,10.0,Quartzo,0,0,1,False
RA-64,2022,2023,Aluno-64,5.0,16.0,M,2019,7.368,Ametista,-1,7.1,8.1,8.1,,7.5,8.25,5.0,4.8,8.2,9.4,-1,7.452541667,5.0,Ametista,1,0,0,False
RA-64,2023,2024,Aluno-64,6.0,,F,2019,7.452541667,Ametista,-1,7.5,9.2,6.89,7.34375,6.7,7.9625,5.0,7.0,6.0,7.2,0,8.743607059266667,10.0,Topázio,0,0,0,False
RA-640,2022,2023,Aluno-640,1.0,11.0,F,2022,6.73,Ágata,-1,9.0,8.4,7.5,,4.8,6.778,5.0,2.5,7.0,,-2,6.1105,5.0,Ágata,1,1,1,False
RA-642,2022,2023,Aluno-642,1.0,10.0,F,2021,7.75,Ametista,-1,10.0,9.7,6.9,,7.3,7.778,5.0,7.0,7.7,,0,8.416866667,10.0,Topázio,0,0,0,False
RA-642,2023,2024,Aluno-642,2.0,,F,2021,8.416866667,Topázio,0,9.5,9.2,6.27,8.75,6.5,9.173333333,10.0,5.7,7.2,,0,7.082591269866667,10.0,Ametista,0,0,1,False
RA-643,2022,2023,Aluno-643,1.0,10.0,M,2022,6.763,Ágata,-1,9.0,8.0,7.5,,6.2,6.722,5.0,6.3,6.0,,-1,7.389033333,5.0,Ametista,1,0,0,False
RA-643,2023,2024,Aluno-643,1.0,,M,2022,7.389033333,Ametista,-1,9.5,8.2,7.52,6.041666667,7.1,7.613333333,5.0,7.0,7.2,,-1,6.402239075100001,5.0,Ágata,1,0,1,False
RA-644,2022,2023,Aluno-644,1.0,11.0,F,2021,7.83,Ametista,-1,9.5,8.0,7.5,,8.8,8.278,5.0,9.7,8.0,,-1,6.897033333,5.0,Ágata,1,0,1,False
RA-645,2022,2023,Aluno-645,1.0,10.0,F,2022,6.086,Ágata,-1,8.5,8.1,7.5,,2.0,6.833,5.0,4.0,0.0,,-1,7.613033333,5.0,Ametista,1,0,0,False
RA-645,2023,2024,Aluno-645,1.0,11.0,F,2022,7.613033333,Ametista,-1,9.0,8.5,6.27,8.125,7.3,8.116666667,5.0,6.5,8.0,,0,7.502239394,10.0,Ametista,0,0,1,False
RA-646,2022,2023,Aluno-646,1.0,13.0,M,2019,8.181,Topázio,-2,8.5,9.8,8.1,,8.4,8.389,5.0,8.8,8.0,,-1,8.3547,5.0,Topázio,1,0,0,False
RA-646,2023,2024,Aluno-646,2.0,13.0,M,2019,8.3547,Topázio,-1,10.0,8.9,7.52,8.958333333,8.4,8.783333333,5.0,8.2,8.5,,-1,7.715491666666668,5.0,Ametista,1,0,1,False
RA-647,2022,2023,Aluno-647,1.0,10.0,M,2022,6.606,Ágata,-1,9.5,8.6,7.5,,3.3,7.278,5.0,1.5,5.2,,-1,7.100566667,5.0,Ametista,1,0,0,False
RA-649,2022,2023,Aluno-649,1.0,12.0,F,2019,7.302,Ametista,-2,8.5,8.9,5.6,,7.4,7.611,5.0,6.3,8.5,,-1,7.579533333,5.0,Ametista,1,0,0,False
RA-649,2023,2024,Aluno-649,2.0,,F,2019,7.579533333,Ametista,-1,9.0,9.3,3.77,8.75,6.5,8.836666667,5.0,3.8,9.2,,0,6.985329691766667,10.0,Ágata,0,0,1,False
RA-651,2022,2023,Aluno-651,1.0,10.0,F,2022,7.866,Ametista,-1,8.5,9.3,7.5,,7.8,8.333,5.0,7.7,7.8,,0,7.332,10.0,Ametista,0,0,1,False
RA-651,2023,2024,Aluno-651,2.0,,F,2022,7.332,Ametista,0,0.0,8.2,3.77,8.75,9.3,7.95,10.0,9.8,8.7,,1,8.689300000100001,10.0,Topázio,0,0,0,False
RA-652,2022,2023,Aluno-652,1.0,9.0,F,2022,8.151,Topázio,0,8.0,9.6,7.5,,7.8,7.5,10.0,7.0,8.5,,-1,7.871033333,5.0,Ametista,1,1,1,False
RA-652,2023,2024,Aluno-652,1.0,,F,2022,7.871033333,Ametista,-1,9.0,9.4,6.89,8.125,7.0,8.446666667,5.0,6.2,7.8,,0,7.361896969700001,10.0,Ametista,0,0,1,False
RA-653,2022,2023,Aluno-653,1.0,11.0,F,2022,8.101,Topázio,-1,9.5,9.6,7.5,,9.3,7.5,5.0,9.5,9.0,,-1,7.385666667,5.0,Ametista,1,0,1,False
RA-653,2023,2024,Aluno-653,2.0,12.0,F,2022,7.385666667,Ametista,-1,0.0,9.8,6.27,9.166666667,7.9,9.06,5.0,7.7,8.0,,0,8.103217647033333,10.0,Topázio,0,0,0,False
RA-655,2022,2023,Aluno-655,1.0,12.0,F,2019,7.785,Ametista,-2,7.5,9.2,7.5,,8.3,8.389,5.0,8.3,8.2,,-1,8.3198,5.0,Topázio,1,0,0,False
RA-655,2023,2024,Aluno-655,2.0,13.0,F,2019,8.3198,Topázio,-1,7.4,9.9,7.52,9.166666667,8.3,8.896666667,5.0,7.2,9.3,,0,8.238600000066668,10.0,Topázio,0,0,1,False
RA-656,2022,2023,Aluno-656,1.0,11.0,F,2020,6.652,Ágata,-1,7.4,7.5,5.6,,6.3,7.5,5.0,5.0,7.5,,-1,6.780833333,5.0,Ágata,1,0,0,False
RA-656,2023,2024,Aluno-656,2.0,12.0,F,2020,6.780833333,Ágata,-1,0.0,8.9,7.52,8.541666667,7.3,7.173333333,5.0,5.8,8.8,,0,6.668152941266667,10.0,Ágata,0,0,1,False
RA-657,2022,2023,Aluno-657,1.0,12.0,F,2021,8.093,Topázio,-2,9.5,9.8,7.5,,9.0,7.5,5.0,9.0,9.0,,-1,8.3532,5.0,Topázio,1,0,0,False
RA-657,2023,2024,Aluno-657,2.0,,F,2021,8.3532,Topázio,-1,8.5,10.0,7.52,8.75,8.2,8.73,5.0,7.0,9.3,,0,8.207433333400001,10.0,Topázio,0,0,1,False
RA-658,2022,2023,Aluno-658,1.0,10.0,F,2022,7.407,Ametista,-1,10.0,9.3,7.5,,5.6,7.917,5.0,4.7,6.5,,0,8.438533333,10.0,Topázio,0,0,0,False
RA-658,2023,2024,Aluno-658,2.0,10.0,F,2022,8.438533333,Topázio,0,9.5,9.5,7.52,7.916666667,6.1,9.173333333,10.0,5.3,6.8,,1,7.507033333333333,10.0,Ametista,0,0,1,False
RA-661,2022,2023,Aluno-661,1.0,11.0,M,2022,7.593,Ametista,-1,9.0,8.3,7.5,,7.8,7.917,5.0,8.3,7.3,,0,6.846333333,10.0,Ágata,0,0,1,False
RA-662,2022,2023,Aluno-662,1.0,11.0,F,2022,7.044,Ametista,-1,9.0,8.8,7.5,,6.8,6.083,5.0,5.7,7.8,,-1,6.733566667,5.0,Ágata,1,0,1,False
RA-662,2023,2024,Aluno-662,2.0,12.0,F,2022,6.733566667,Ágata,-1,6.8,7.6,6.27,7.291666667,6.7,6.72,5.0,4.3,9.0,,0,7.107477855466668,10.0,Ametista,0,0,0,False
RA-663,2022,2023,Aluno-663,1.0,10.0,M,2022,6.376,Ágata,-1,6.9,8.7,7.5,,5.8,5.25,5.0,5.0,6.5,,-1,6.969133333,5.0,Ágata,1,0,0,False
RA-663,2023,2024,Aluno-663,1.0,11.0,M,2022,6.969133333,Ágata,-1,6.9,7.4,7.52,6.666666667,7.0,7.393333333,5.0,6.7,7.3,,-1,6.696419461700001,5.0,Ágata,1,0,1,False
RA-664,2022,2023,Aluno-664,1.0,10.0,F,2022,7.277,Ametista,-1,9.5,8.8,7.5,,6.3,7.167,5.0,5.0,7.5,,-1,8.0872,5.0,Topázio,1,0,0,False
RA-664,2023,2024,Aluno-664,1.0,11.0,F,2022,8.0872,Topázio,-1,9.0,9.6,7.52,7.916666667,8.0,8.116666667,5.0,8.0,8.0,,0,7.5017244089,10.0,Ametista,0,0,1,False
RA-665,2022,2023,Aluno-665,1.0,11.0,F,2022,6.996,Ágata,-1,9.0,7.4,7.5,,6.8,7.25,5.0,6.5,7.0,,-1,6.185658333,5.0,Ágata,1,0,1,False
RA-665,2023,2024,Aluno-665,1.0,,F,2022,6.185658333,Ágata,-1,9.5,4.9,2.52,8.28125,5.2,8.226666667,5.0,5.0,5.3,,-1,5.698703030200001,5.0,Quartzo,1,0,1,False
RA-666,2022,2023,Aluno-666,1.0,10.0,M,2022,7.929,Ametista,-1,9.5,9.1,7.5,,7.8,8.833,5.0,8.0,7.5,,0,8.720366667,10.0,Topázio,0,0,0,False
RA-666,2023,2024,Aluno-666,2.0,,M,2022,8.720366667,Topázio,0,9.5,9.1,7.52,8.541666667,7.1,9.62,10.0,6.7,7.5,,0,8.185838802933334,10.0,Topázio,0,0,1,False
RA-667,2022,2023,Aluno-667,1.0,11.0,M,2021,5.844,Quartzo,-1,8.5,5.6,7.5,,4.5,5.833,5.0,3.7,5.3,,-1,6.774866667,5.0,Ágata,1,0,0,False
RA-667,2023,2024,Aluno-667,2.0,12.0,M,2021,6.774866667,Ágata,-1,9.0,6.9,6.89,7.083333333,5.2,7.836666667,5.0,3.0,7.3,,0,7.177130604266668,10.0,Ametista,0,0,0,False
RA-668,2022,2023,Aluno-668,1.0,11.0,M,2022,4.365,Quartzo,-1,6.9,3.3,7.5,,2.8,3.75,5.0,2.8,2.8,,-1,6.017933333,5.0,Ágata,1,0,0,False
RA-669,2022,2023,Aluno-669,1.0,11.0,M,2022,7.475,Ametista,-1,9.0,9.7,7.5,,6.0,7.833,5.0,5.0,7.0,,0,7.345033333,10.0,Ametista,0,0,1,False
RA-669,2023,2024,Aluno-669,2.0,11.0,M,2022,7.345033333,Ametista,0,8.5,7.8,7.52,7.708333333,5.0,7.06,10.0,3.3,6.7,,0,6.6438703703,10.0,Ágata,0,0,1,False
RA-670,2022,2023,Aluno-670,1.0,10.0,F,2022,7.451,Ametista,-1,8.0,8.8,7.5,,6.9,8.167,5.0,6.5,7.3,,0,8.6067,10.0,Topázio,0,0,0,False
RA-670,2023,2024,Aluno-670,2.0,,F,2022,8.6067,Topázio,0,9.5,8.7,7.52,8.958333333,7.0,9.343333333,10.0,5.8,8.2,,1,8.8602539683,10.0,Topázio,0,0,0,False
RA-671,2022,2023,Aluno-671,0.0,9.0,M,2021,7.617,Ametista,-1,8.5,8.2,8.1,,8.8,7.417,5.0,8.8,8.8,,-2,6.5143,5.0,Ágata,1,1,1,False
RA-672,2022,2023,Aluno-672,0.0,9.0,F,2021,7.48,Ametista,-1,8.5,8.5,8.1,,8.8,6.75,5.0,8.5,9.1,,-2,6.5623,5.0,Ágata,1,1,1,False
RA-672,2023,2024,Aluno-672,0.0,10.0,F,2021,6.5623,Ágata,-2,7.9,9.5,2.52,5.625,6.4,6.43,5.0,6.0,6.7,,-1,4.2118138341,5.0,Quartzo,1,0,1,False
RA-674,2022,2023,Aluno-674,0.0,8.0,M,2022,7.862,Ametista,0,9.5,8.7,8.1,,8.0,6.333,10.0,8.9,7.0,,-1,6.6328,5.0,Ágata,1,1,1,False
RA-675,2022,2023,Aluno-675,0.0,8.0,M,2022,7.576,Ametista,0,10.0,6.6,8.1,,7.4,7.083,10.0,8.8,5.9,,0,8.3577,10.0,Topázio,0,0,0,False
RA-677,2022,2023,Aluno-677,0.0,8.0,F,2021,8.358,Topázio,0,10.0,9.4,7.5,,7.3,8.583,10.0,7.7,6.8,,-1,8.5257,5.0,Topázio,1,1,0,False
RA-678,2022,2023,Aluno-678,0.0,9.0,M,2022,8.0,Ametista,-1,9.0,10.0,6.9,,7.3,9.5,5.0,7.5,7.0,,-1,7.570158333,5.0,Ametista,1,0,1,False
RA-679,2022,2023,Aluno-679,0.0,10.0,M,2020,7.172,Ametista,-2,9.0,8.2,7.5,,6.3,7.833,5.0,6.7,5.8,,-1,6.138366667,5.0,Ágata,1,0,1,False
RA-680,2022,2023,Aluno-680,0.0,10.0,F,2019,7.518,Ametista,-2,9.5,8.8,7.5,,7.4,7.75,5.0,8.0,6.8,,-1,6.5855,5.0,Ágata,1,0,1,False
RA-680,2023,2024,Aluno-680,1.0,,F,2019,6.5855,Ágata,-1,0.0,9.1,7.52,6.875,6.4,7.78,5.0,5.2,7.5,,-1,4.9800714287000005,5.0,Quartzo,1,0,1,False
RA-681,2022,2023,Aluno-681,0.0,10.0,M,2022,7.204,Ametista,-2,8.5,8.5,6.9,,6.5,8.0,5.0,6.5,6.5,,-2,6.2955,5.0,Ágata,1,0,1,False
RA-681,2023,2024,Aluno-681,0.0,10.0,M,2022,6.2955,Ágata,-2,0.0,7.8,3.77,5.625,8.3,8.18,5.0,8.8,7.8,,-1,6.0398818182000005,5.0,Ágata,1,0,1,False
RA-684,2022,2023,Aluno-684,0.0,7.0,M,2022,8.26,Topázio,0,9.5,7.5,8.1,,9.3,7.917,10.0,9.0,9.6,,0,7.4277,10.0,Ametista,0,0,1,False
RA-684,2023,2024,Aluno-684,0.0,8.0,M,2022,7.4277,Ametista,0,9.0,8.1,7.52,6.875,6.5,5.84,10.0,8.3,4.7,,0,7.769381818200001,10.0,Ametista,0,0,0,False
RA-686,2022,2023,Aluno-686,0.0,9.0,F,2022,7.729,Ametista,-1,7.5,8.6,8.1,,8.8,8.083,5.0,9.2,8.5,,-1,7.9642,5.0,Ametista,1,0,0,False
RA-686,2023,2024,Aluno-686,1.0,10.0,F,2022,7.9642,Ametista,-1,8.5,9.0,7.52,7.5,8.0,8.56,5.0,7.3,8.7,,0,8.040259523700001,10.0,Topázio,0,0,0,False
RA-687,2022,2023,Aluno-687,0.0,9.0,M,2022,7.703,Ametista,-1,8.5,9.0,8.1,,8.3,8.0,5.0,9.0,7.5,,-1,7.617533333,5.0,Ametista,1,0,1,False
RA-687,2023,2024,Aluno-687,1.0,10.0,M,2022,7.617533333,Ametista,-1,8.0,9.0,7.52,7.5,6.9,8.226666667,5.0,6.7,7.0,,0,8.2739844611,10.0,Topázio,0,0,0,False
RA-688,2022,2023,Aluno-688,0.0,9.0,M,2022,7.771,Ametista,-1,8.5,9.7,7.5,,7.9,7.917,5.0,8.0,7.8,,-1,8.0442,5.0,Topázio,1,0,0,False
RA-688,2023,2024,Aluno-688,1.0,10.0,M,2022,8.0442,Topázio,-1,8.5,9.3,7.52,7.5,8.6,8.06,5.0,8.2,9.0,,0,8.986533333300002,10.0,Topázio,0,0,0,False
RA-690,2022,2023,Aluno-690,0.0,9.0,F,2022,7.541,Ametista,-1,9.5,9.5,7.5,,7.0,7.417,5.0,7.2,6.8,,-2,8.6112,5.0,Topázio,1,1,0,False
RA-690,2023,2024,Aluno-690,0.0,,F,2022,8.6112,Topázio,-2,9.0,9.8,6.89,7.5,9.1,10.01,5.0,9.3,8.8,,-1,7.3853681818,5.0,Ametista,1,0,1,False
RA-692,2022,2023,Aluno-692,0.0,9.0,F,2021,7.569,Ametista,-1,9.5,8.9,8.1,,6.9,7.917,5.0,7.0,6.8,,-1,6.588466667,5.0,Ágata,1,0,1,False
RA-693,2022,2023,Aluno-693,0.0,7.0,F,2022,7.944,Ametista,0,9.5,9.8,8.1,,5.7,7.667,10.0,5.0,6.3,,0,9.0112,10.0,Topázio,0,0,0,False
RA-693,2023,2024,Aluno-693,0.0,,F,2022,9.0112,Topázio,0,10.0,9.4,6.89,7.5,8.5,10.01,10.0,8.2,8.7,,0,8.9079954545,10.0,Topázio,0,0,1,False
RA-696,2022,2023,Aluno-696,0.0,9.0,F,2021,7.441,Ametista,-1,8.5,9.0,7.5,,6.6,8.167,5.0,6.5,6.7,,0,7.172666667,10.0,Ametista,0,0,1,False
RA-696,2023,2024,Aluno-696,1.0,,F,2021,7.172666667,Ametista,0,0.0,9.4,5.02,7.5,6.7,8.503333333,10.0,5.2,8.2,,0,7.482680952299999,10.0,Ametista,0,0,0,False
RA-698,2022,2023,Aluno-698,0.0,9.0,M,2021,7.44,Ametista,-1,9.0,9.8,2.5,,8.1,8.083,5.0,8.0,8.2,,0,7.553616667,10.0,Ametista,0,0,0,False
RA-698,2023,2024,Aluno-698,1.0,9.0,M,2021,7.553616667,Ametista,0,8.5,9.9,2.52,7.1875,5.7,8.113333333,10.0,4.3,7.0,,0,7.3363190476,10.0,Ametista,0,0,1,False
RA-699,2022,2023,Aluno-699,0.0,9.0,M,2022,6.658,Ágata,-1,5.2,9.2,7.5,,7.1,6.0,5.0,7.5,6.7,,-1,6.389991667,5.0,Ágata,1,0,1,False
RA-699,2023,2024,Aluno-699,1.0,10.0,M,2022,6.389991667,Ágata,-1,8.5,8.3,3.77,5.78125,6.0,6.173333333,5.0,5.7,6.2,,-1,6.427771212000001,5.0,Ágata,1,0,0,False
RA-7,2022,2023,Aluno-7,7.0,18.0,M,2017,6.818,Ágata,-1,0.0,8.4,7.5,,7.6,7.667,5.0,8.2,5.7,9.0,0,,10.0,,0,0,0,False
RA-7,2023,2024,Aluno-7,8.0,,M,2017,,,0,,,,,,,10.0,,,,0,,10.0,,0,0,0,False
RA-70,2022,2023,Aluno-70,5.0,16.0,F,2017,5.712,Quartzo,-1,8.8,6.6,5.0,,2.9,6.111,5.0,5.7,2.9,0.2,-2,6.869133333,5.0,Ágata,1,1,0,False
RA-700,2022,2023,Aluno-700,0.0,9.0,F,2022,7.738,Ametista,-1,9.0,8.7,7.5,,9.2,7.083,5.0,9.2,9.2,,-1,8.2852,5.0,Topázio,1,0,0,False
RA-700,2023,2024,Aluno-700,0.0,9.0,F,2022,8.2852,Topázio,-1,9.5,9.7,7.52,6.25,7.8,9.84,5.0,7.5,8.0,,-1,7.005745454500001,5.0,Ametista,1,0,1,False
RA-701,2022,2023,Aluno-701,0.0,10.0,M,2021,7.755,Ametista,-2,9.0,9.3,7.5,,8.7,7.417,5.0,8.7,8.7,,-2,7.3982,5.0,Ametista,1,0,1,False
RA-702,2022,2023,Aluno-702,0.0,8.0,F,2022,7.387,Ametista,0,10.0,8.6,5.0,,6.8,7.0,10.0,7.0,6.7,,-1,8.239866667,5.0,Topázio,1,1,0,False
RA-702,2023,2024,Aluno-702,0.0,,F,2022,8.239866667,Topázio,-1,10.0,10.0,5.63,7.5,9.3,7.833333333,5.0,9.3,9.3,,-2,7.665116666600001,5.0,Ametista,1,1,1,False
RA-703,2022,2023,Aluno-703,0.0,10.0,M,2021,6.099,Ágata,-2,7.5,7.4,5.0,,5.1,6.833,5.0,5.3,4.8,,-2,6.2737,5.0,Ágata,1,0,0,False
RA-704,2022,2023,Aluno-704,0.0,10.0,M,2022,6.741,Ágata,-2,9.0,8.6,5.0,,7.2,6.583,5.0,7.7,6.6,,-2,6.8297,5.0,Ágata,1,0,0,False
RA-704,2023,2024,Aluno-704,0.0,,M,2022,6.8297,Ágata,-2,10.0,9.9,3.14,5.625,6.1,6.265,5.0,6.5,5.7,,-1,6.8121156785000005,5.0,Ágata,1,0,1,False
RA-705,2022,2023,Aluno-705,0.0,10.0,M,2022,6.634,Ágata,-2,9.5,6.2,7.5,,7.1,6.333,5.0,7.0,7.2,,-2,6.982,5.0,Ágata,1,0,0,False
RA-705,2023,2024,Aluno-705,0.0,10.0,M,2022,6.982,Ágata,-2,0.0,8.3,6.89,7.5,8.8,8.165,5.0,8.9,8.6,,-1,5.294247619100001,5.0,Quartzo,1,0,1,False
RA-706,2022,2023,Aluno-706,0.0,10.0,F,2021,7.659,Ametista,-2,9.5,6.7,7.5,,9.1,8.417,5.0,9.1,9.1,,-2,7.1527,5.0,Ametista,1,0,1,False
RA-706,2023,2024,Aluno-706,0.0,,F,2021,7.1527,Ametista,-2,9.0,7.8,4.39,6.875,7.3,8.08,5.0,6.7,7.8,,0,5.8701964286,10.0,Quartzo,0,0,1,False
RA-707,2022,2023,Aluno-707,0.0,10.0,F,2020,7.679,Ametista,-2,10.0,8.1,6.9,,8.5,8.083,5.0,8.8,8.2,,-1,6.518,5.0,Ágata,1,0,1,False
RA-707,2023,2024,Aluno-707,1.0,,F,2020,6.518,Ágata,-1,0.0,9.8,3.77,7.916666667,6.5,7.946666667,5.0,5.5,7.5,,-1,6.4975618421000005,5.0,Ágata,1,0,1,False
RA-708,2022,2023,Aluno-708,0.0,9.0,M,2022,7.282,Ametista,-1,8.0,8.4,7.5,,7.3,7.583,5.0,7.1,7.6,,-1,7.5105,5.0,Ametista,1,0,0,False
RA-709,2022,2023,Aluno-709,0.0,10.0,F,2022,5.313,Quartzo,-2,9.5,3.5,7.5,,2.3,7.083,5.0,2.3,2.3,,-2,6.6927,5.0,Ágata,1,0,0,False
RA-709,2023,2024,Aluno-709,0.0,11.0,F,2022,6.6927,Ágata,-2,10.0,7.9,7.52,5.625,4.9,6.59,5.0,5.5,4.3,,-1,6.833780895800001,5.0,Ágata,1,0,0,False
RA-71,2022,2023,Aluno-71,5.0,17.0,F,2019,4.332,Quartzo,-2,7.9,2.0,7.5,,1.2,5.833,5.0,1.3,2.2,0.0,-2,7.3651,5.0,Ametista,1,0,0,False
RA-710,2022,2023,Aluno-710,0.0,10.0,M,2020,7.285,Ametista,-2,9.5,8.9,5.0,,6.9,8.0,5.0,7.0,6.8,,-1,7.0582,5.0,Ametista,1,0,1,False
RA-710,2023,2024,Aluno-710,1.0,,M,2020,7.0582,Ametista,-1,9.5,9.0,3.77,7.083333333,6.5,7.113333333,5.0,5.7,7.3,,-1,7.0366241342,5.0,Ametista,1,0,1,False
RA-712,2022,2023,Aluno-712,0.0,11.0,M,2019,6.026,Ágata,-2,8.0,5.1,5.0,,8.0,5.833,5.0,8.7,7.3,,-2,6.331533333,5.0,Ágata,1,0,0,False
RA-712,2023,2024,Aluno-712,1.0,12.0,M,2019,6.331533333,Ágata,-2,9.5,5.6,3.14,7.5,6.7,6.836666667,5.0,5.5,7.8,,-1,6.2236373706000006,5.0,Ágata,1,0,1,False
RA-713,2022,2023,Aluno-713,0.0,9.0,M,2021,7.42,Ametista,-1,10.0,8.7,7.5,,7.8,7.25,5.0,8.0,7.7,,-1,7.408033333,5.0,Ametista,1,0,1,False
RA-713,2023,2024,Aluno-713,1.0,10.0,M,2021,7.408033333,Ametista,-1,8.0,9.6,3.77,6.875,7.5,8.166666667,5.0,6.7,8.2,,0,7.467500983400001,10.0,Ametista,0,0,0,False
RA-714,2022,2023,Aluno-714,0.0,11.0,M,2019,6.953,Ágata,-2,9.0,6.9,5.6,,8.0,7.25,5.0,8.5,7.5,,-2,6.078666667,5.0,Ágata,1,0,1,False
RA-714,2023,2024,Aluno-714,1.0,12.0,M,2019,6.078666667,Ágata,-2,0.0,8.0,3.14,7.5,7.4,7.223333333,5.0,6.7,8.0,,-1,5.4653662008,5.0,Quartzo,1,0,1,False
RA-715,2022,2023,Aluno-715,0.0,9.0,F,2022,6.656,Ágata,-1,8.5,8.7,4.4,,4.9,7.917,5.0,4.8,5.0,,-2,5.8915,5.0,Quartzo,1,1,1,False
RA-715,2023,2024,Aluno-715,0.0,,F,2022,5.8915,Quartzo,-2,0.0,9.5,3.14,5.625,5.4,7.675,5.0,4.5,6.3,,0,5.3098253133,10.0,Quartzo,0,0,1,False
RA-716,2022,2023,Aluno-716,0.0,9.0,M,2022,6.525,Ágata,-1,8.9,8.1,7.5,,6.7,5.417,5.0,7.3,6.0,,-1,6.813366667,5.0,Ágata,1,0,0,False
RA-716,2023,2024,Aluno-716,1.0,10.0,M,2022,6.813366667,Ágata,-1,9.0,8.7,3.77,6.875,5.6,7.443333333,5.0,5.0,6.2,,-1,6.2372943675000005,5.0,Ágata,1,0,1,False
RA-717,2022,2023,Aluno-717,0.0,10.0,F,2021,6.832,Ágata,-2,9.0,7.3,7.5,,5.4,7.917,5.0,5.0,5.8,,-1,6.633833333,5.0,Ágata,1,0,1,False
RA-718,2022,2023,Aluno-718,0.0,8.0,F,2022,8.093,Topázio,0,8.0,8.9,6.3,,9.2,7.417,10.0,9.2,9.2,,0,8.166866667,10.0,Topázio,0,0,0,False
RA-718,2023,2024,Aluno-718,1.0,,F,2022,8.166866667,Topázio,0,9.5,9.1,3.77,7.916666667,7.8,8.39,10.0,6.3,9.2,,1,8.705811111100001,10.0,Topázio,0,0,0,False
RA-719,2022,2023,Aluno-719,0.0,10.0,F,2021,5.552,Quartzo,-2,9.0,4.6,7.5,,4.2,6.083,5.0,5.0,3.3,,-2,6.4137,5.0,Ágata,1,0,0,False
RA-719,2023,2024,Aluno-719,0.0,,M,2021,6.4137,Ágata,-2,9.5,5.3,7.52,5.625,5.9,7.095,5.0,7.0,4.7,,-1,7.1193969697,5.0,Ametista,1,0,0,False
RA-721,2022,2023,Aluno-721,0.0,8.0,F,2021,7.973,Ametista,0,9.5,8.1,7.5,,7.6,7.917,10.0,8.2,7.0,,0,8.683366667,10.0,Topázio,0,0,0,False
RA-721,2023,2024,Aluno-721,1.0,9.0,F,2021,8.683366667,Topázio,0,8.5,9.5,7.52,8.125,8.4,8.443333333,10.0,7.5,9.3,,0,8.8986026915,10.0,Topázio,0,0,0,False
RA-722,2022,2023,Aluno-722,0.0,9.0,F,2021,7.41,Ametista,-1,10.0,8.1,4.4,,8.1,8.333,5.0,7.8,8.3,,-1,7.3387,5.0,Ametista,1,0,1,False
RA-725,2022,2023,Aluno-725,0.0,8.0,M,2022,6.33,Ágata,0,8.0,5.9,8.1,,5.0,5.5,10.0,4.0,6.0,,-1,8.117366667,5.0,Topázio,1,1,0,False
RA-725,2023,2024,Aluno-725,0.0,9.0,M,2022,8.117366667,Topázio,-1,9.5,9.0,7.52,8.125,8.4,8.113333333,5.0,8.1,8.7,,-1,7.0900771929,5.0,Ametista,1,0,1,False
RA-726,2022,2023,Aluno-726,0.0,7.0,F,2022,6.985,Ágata,0,10.0,7.5,7.5,,4.4,6.583,10.0,5.8,3.0,,0,7.3687,10.0,Ametista,0,0,0,False
RA-727,2022,2023,Aluno-727,0.0,8.0,M,2022,7.736,Ametista,0,9.0,7.7,8.1,,8.4,6.75,10.0,9.3,7.4,,-1,7.6802,5.0,Ametista,1,1,1,False
RA-727,2023,2024,Aluno-727,0.0,,M,2022,7.6802,Ametista,-1,9.5,8.8,2.52,7.5,8.0,9.34,5.0,8.3,7.7,,0,8.447003030300001,10.0,Topázio,0,0,0,False
RA-729,2022,2023,Aluno-729,0.0,8.0,F,2022,8.155,Topázio,0,10.0,8.7,8.1,,8.1,7.25,10.0,8.5,7.8,,-1,7.26545,5.0,Ametista,1,1,1,False
RA-729,2023,2024,Aluno-729,0.0,,F,2022,7.26545,Ametista,-1,8.0,9.1,3.77,6.5625,8.6,7.01,5.0,8.2,8.9,,-1,6.684533333300001,5.0,Ágata,1,0,1,False
RA-730,2022,2023,Aluno-730,0.0,10.0,F,2021,7.902,Ametista,-2,10.0,8.2,8.8,,8.3,8.25,5.0,8.7,8.0,,-1,7.979325,5.0,Ametista,1,0,0,False
RA-730,2023,2024,Aluno-730,1.0,10.0,F,2021,7.979325,Ametista,-1,10.0,8.7,5.02,9.53125,7.8,8.67,5.0,7.8,7.7,,0,8.469255555700002,10.0,Topázio,0,0,0,False
RA-731,2022,2023,Aluno-731,0.0,10.0,F,2019,7.151,Ametista,-2,9.0,8.5,6.9,,7.3,7.083,5.0,7.3,7.2,,-1,6.7742,5.0,Ágata,1,0,1,False
RA-731,2023,2024,Aluno-731,1.0,11.0,F,2019,6.7742,Ágata,-1,8.5,7.6,3.14,7.5,6.8,7.45,5.0,6.2,7.3,,-1,4.7704873377000006,5.0,Quartzo,1,0,1,False
RA-733,2022,2023,Aluno-733,0.0,9.0,F,2022,6.684,Ágata,-1,9.5,8.5,5.6,,5.1,6.917,5.0,6.0,4.2,,0,8.3342,10.0,Topázio,0,0,0,False
RA-733,2023,2024,Aluno-733,1.0,9.0,F,2022,8.3342,Topázio,0,10.0,8.7,7.52,8.333333333,6.2,8.893333333,10.0,4.3,8.0,,-1,8.808825,5.0,Topázio,1,1,0,False
RA-734,2022,2023,Aluno-734,0.0,10.0,F,2022,6.952,Ágata,-2,9.5,7.2,5.6,,7.3,7.417,5.0,8.0,6.5,,-1,7.305908333,5.0,Ametista,1,0,0,False
RA-735,2022,2023,Aluno-735,0.0,10.0,F,2021,7.485,Ametista,-2,9.0,9.0,5.6,,7.3,8.583,5.0,7.8,6.7,,-1,7.184,5.0,Ametista,1,0,1,False
RA-735,2023,2024,Aluno-735,1.0,11.0,F,2021,7.184,Ametista,-1,0.0,9.0,7.52,8.333333333,8.1,8.393333333,5.0,7.7,8.5,,-1,7.7888467391,5.0,Ametista,1,0,0,False
RA-736,2022,2023,Aluno-736,0.0,10.0,M,2022,6.707,Ágata,-2,9.0,8.5,5.6,,5.4,7.0,5.0,4.7,6.2,,-1,7.600033333,5.0,Ametista,1,0,0,False
RA-737,2022,2023,Aluno-737,0.0,9.0,F,2022,8.058,Ametista,-1,9.5,9.2,5.6,,9.0,9.167,5.0,8.5,9.5,,0,8.048033333,10.0,Topázio,0,0,1,False
RA-737,2023,2024,Aluno-737,1.0,9.0,F,2022,8.048033333,Topázio,0,9.5,7.8,7.52,7.291666667,7.5,7.783333333,10.0,7.0,8.0,,0,8.4695488613,10.0,Topázio,0,0,0,False
RA-738,2022,2023,Aluno-738,0.0,8.0,F,2022,7.227,Ametista,0,8.5,8.1,5.6,,5.7,7.5,10.0,7.7,3.7,,0,8.123283333,10.0,Topázio,0,0,0,False
RA-738,2023,2024,Aluno-738,1.0,,F,2022,8.123283333,Topázio,0,8.0,9.3,7.52,8.4375,6.0,8.336666667,10.0,4.2,7.8,,-1,7.2626980238,5.0,Ametista,1,1,1,False
RA-739,2022,2023,Aluno-739,0.0,8.0,M,2022,6.82,Ágata,0,6.4,7.3,5.6,,5.9,7.083,10.0,6.0,5.8,,-1,7.5972,5.0,Ametista,1,1,0,False
RA-740,2022,2023,Aluno-740,0.0,9.0,F,2022,7.218,Ametista,-1,8.5,9.0,5.6,,7.2,7.5,5.0,7.3,7.0,,-2,7.2845,5.0,Ametista,1,1,0,False
RA-740,2023,2024,Aluno-740,0.0,10.0,F,2022,7.2845,Ametista,-2,0.0,8.7,7.52,6.875,9.1,8.925,5.0,9.0,9.2,,-1,8.1611005269,5.0,Topázio,1,0,0,False
RA-741,2022,2023,Aluno-741,0.0,10.0,F,2022,6.896,Ágata,-2,9.5,8.4,5.6,,6.3,7.417,5.0,7.3,5.2,,-2,6.2707,5.0,Ágata,1,0,1,False
RA-741,2023,2024,Aluno-741,0.0,11.0,F,2022,6.2707,Ágata,-2,9.5,6.9,4.39,5.625,5.1,7.095,5.0,4.2,6.0,,-1,5.0795885374,5.0,Quartzo,1,0,1,False
RA-742,2022,2023,Aluno-742,0.0,9.0,F,2022,7.097,Ametista,-1,8.5,8.7,5.0,,7.3,7.5,5.0,8.3,6.2,,-2,7.024,5.0,Ametista,1,1,1,False
RA-743,2022,2023,Aluno-743,0.0,9.0,F,2022,6.672,Ágata,-1,10.0,7.9,5.6,,4.8,7.5,5.0,4.8,4.8,,-2,6.659,5.0,Ágata,1,1,1,False
RA-743,2023,2024,Aluno-743,0.0,10.0,F,2022,6.659,Ágata,-2,0.0,9.1,3.77,7.5,7.1,9.01,5.0,7.3,6.8,,-1,7.655745454500001,5.0,Ametista,1,0,0,False
RA-745,2022,2023,Aluno-745,0.0,9.0,M,2021,7.382,Ametista,-1,9.0,8.5,5.6,,8.1,7.75,5.0,8.5,7.7,,-1,7.668366667,5.0,Ametista,1,0,0,False
RA-745,2023,2024,Aluno-745,1.0,,M,2021,7.668366667,Ametista,-1,9.5,9.3,3.77,8.125,7.0,8.893333333,5.0,5.7,8.2,,0,8.6102,10.0,Topázio,0,0,0,False
RA-746,2022,2023,Aluno-746,0.0,8.0,M,2022,7.656,Ametista,0,8.0,9.1,5.6,,7.2,7.417,10.0,7.7,6.7,,0,6.517166667,10.0,Ágata,0,0,1,False
RA-746,2023,2024,Aluno-746,1.0,,M,2022,6.517166667,Ágata,0,0.0,8.0,3.77,6.875,7.2,7.113333333,10.0,6.0,8.3,,0,7.903311111100001,10.0,Ametista,0,0,0,False
RA-747,2022,2023,Aluno-747,0.0,11.0,F,2022,7.676,Ametista,-2,10.0,7.6,7.5,,8.8,7.917,5.0,8.2,9.4,,-1,6.026366667,5.0,Ágata,1,0,1,False
RA-747,2023,2024,Aluno-747,1.0,11.0,F,2022,6.026366667,Ágata,-1,10.0,8.0,3.14,6.041666667,3.1,6.94,5.0,1.2,5.0,,-2,5.8450809523,5.0,Quartzo,1,1,1,False
RA-748,2022,2023,Aluno-748,0.0,9.0,M,2022,8.084,Topázio,-1,10.0,9.0,7.5,,9.1,8.25,5.0,9.6,8.6,,-2,8.7142,5.0,Topázio,1,1,0,False
RA-748,2023,2024,Aluno-748,0.0,,M,2022,8.7142,Topázio,-2,9.5,9.7,7.52,7.5,9.1,10.01,5.0,9.0,9.2,,-1,8.2272,5.0,Topázio,1,0,1,False
RA-749,2022,2023,Aluno-749,0.0,9.0,M,2022,7.484,Ametista,-1,9.5,7.7,7.5,,8.8,7.25,5.0,9.5,8.1,,-1,7.7597,5.0,Ametista,1,0,0,False
RA-749,2023,2024,Aluno-749,0.0,9.0,M,2022,7.7597,Ametista,-1,10.0,9.0,7.52,5.625,7.3,8.425,5.0,7.3,7.3,,-2,8.3373184211,5.0,Topázio,1,1,0,False
RA-750,2022,2023,Aluno-750,0.0,10.0,M,2019,6.344,Ágata,-2,9.5,8.9,4.4,,6.8,5.167,5.0,7.1,6.4,,-2,5.6857,5.0,Quartzo,1,0,1,False
RA-750,2023,2024,Aluno-750,0.0,,M,2019,5.6857,Quartzo,-2,9.5,7.7,3.14,4.375,3.4,6.32,5.0,3.3,3.5,,-2,4.542230369,5.0,Quartzo,1,0,1,False
RA-752,2022,2023,Aluno-752,0.0,11.0,F,2022,8.197,Topázio,-2,10.0,9.0,7.5,,9.5,8.417,5.0,9.6,9.4,,-1,8.073825,5.0,Topázio,1,0,1,False
RA-752,2023,2024,Aluno-752,1.0,11.0,F,2022,8.073825,Topázio,-1,9.5,9.9,7.52,7.65625,6.4,9.23,5.0,4.8,8.0,,-1,6.57279265,5.0,Ágata,1,0,1,False
RA-753,2022,2023,Aluno-753,0.0,8.0,F,2022,8.481,Topázio,0,9.5,8.6,7.5,,9.1,8.417,10.0,9.4,8.8,,-1,8.6672,5.0,Topázio,1,1,0,False
RA-753,2023,2024,Aluno-753,0.0,,F,2022,8.6672,Topázio,-1,9.0,9.9,7.52,7.5,9.0,9.925,5.0,9.0,9.0,,-1,8.2450571429,5.0,Topázio,1,0,1,False
RA-754,2022,2023,Aluno-754,0.0,9.0,M,2022,6.602,Ágata,-1,10.0,5.8,4.4,,7.9,6.917,5.0,7.8,8.1,,-2,6.0537,5.0,Ágata,1,1,1,False
RA-754,2023,2024,Aluno-754,0.0,,M,2022,6.0537,Ágata,-2,9.5,6.1,2.52,6.875,5.6,6.67,5.0,5.7,5.4,,-2,5.6127,5.0,Quartzo,1,0,1,False
RA-755,2022,2023,Aluno-755,0.0,8.0,M,2022,8.566,Topázio,0,9.5,9.2,6.9,,9.5,8.083,10.0,9.8,9.3,,-1,8.7442,5.0,Topázio,1,1,0,False
RA-755,2023,2024,Aluno-755,0.0,9.0,M,2022,8.7442,Topázio,-1,10.0,9.5,7.52,7.5,9.2,10.01,5.0,9.2,9.2,,-1,8.925450000000001,5.0,Topázio,1,0,0,False
RA-756,2022,2023,Aluno-756,0.0,9.0,M,2022,6.976,Ágata,-1,10.0,7.9,7.5,,5.7,7.25,5.0,5.6,5.8,,-2,7.0927,5.0,Ametista,1,1,0,False
RA-756,2023,2024,Aluno-756,0.0,,M,2022,7.0927,Ametista,-2,10.0,8.7,7.52,5.625,6.1,6.59,5.0,5.4,6.8,,-2,7.361700000000001,5.0,Ametista,1,0,0,False
RA-757,2022,2023,Aluno-757,0.0,9.0,F,2022,8.26,Topázio,-1,9.5,9.3,7.5,,9.7,8.5,5.0,9.9,9.6,,-2,8.6742,5.0,Topázio,1,1,0,False
RA-757,2023,2024,Aluno-757,0.0,10.0,F,2022,8.6742,Topázio,-2,9.0,9.6,7.52,7.5,9.3,10.01,5.0,9.5,9.0,,-1,7.938842857200001,5.0,Ametista,1,0,1,False
RA-76,2022,2023,Aluno-76,5.0,15.0,F,2017,9.105,Topázio,0,10.0,9.1,8.1,,8.7,9.292,10.0,9.3,8.3,8.4,2,,10.0,,0,0,0,False
RA-76,2023,2024,Aluno-76,7.0,15.0,F,2017,,,2,10.0,,2.52,,,,10.0,,,,2,8.152033333333334,10.0,Topázio,0,0,0,False
RA-760,2022,2023,Aluno-760,0.0,11.0,M,2021,8.172,Topázio,-2,9.0,9.2,7.5,,8.8,8.917,5.0,9.3,8.2,,-1,6.548333333,5.0,Ágata,1,0,1,False
RA-760,2023,2024,Aluno-760,2.0,,M,2021,6.548333333,Ágata,-1,0.0,8.8,7.52,7.083333333,6.3,7.84,5.0,5.8,6.8,,0,6.942581818200001,10.0,Ágata,0,0,0,False
RA-761,2022,2023,Aluno-761,0.0,9.0,M,2022,8.06,Topázio,-1,10.0,9.4,7.5,,8.2,8.25,5.0,8.8,7.5,,-1,8.219533333,5.0,Topázio,1,0,0,False
RA-761,2023,2024,Aluno-761,1.0,10.0,M,2022,8.219533333,Topázio,-1,9.0,9.7,7.52,8.333333333,8.4,8.12,5.0,8.7,8.0,,0,8.174593939300001,10.0,Topázio,0,0,1,False
RA-762,2022,2023,Aluno-762,0.0,12.0,M,2022,7.28,Ametista,-3,10.0,9.7,7.5,,6.7,7.083,2.5,7.3,6.0,,-2,7.09945,5.0,Ametista,1,0,1,False
RA-762,2023,2024,Aluno-762,1.0,13.0,M,2022,7.09945,Ametista,-2,10.0,9.1,3.14,7.8125,5.8,7.67,5.0,6.2,5.3,,-2,5.9677326087,5.0,Quartzo,1,0,1,False
RA-763,2022,2023,Aluno-763,0.0,10.0,F,2021,7.402,Ametista,-2,9.5,9.7,7.5,,6.5,7.167,5.0,6.3,6.7,,-2,6.7215,5.0,Ágata,1,0,1,False
RA-763,2023,2024,Aluno-763,0.0,10.0,F,2021,6.7215,Ágata,-2,0.0,9.2,3.14,6.875,7.9,9.0,5.0,7.8,8.0,,-1,6.984760606,5.0,Ágata,1,0,0,False
RA-764,2022,2023,Aluno-764,0.0,8.0,M,2022,8.004,Ametista,0,9.0,8.8,7.5,,7.5,7.667,10.0,7.2,7.8,,0,7.682125,10.0,Ametista,0,0,1,False
RA-764,2023,2024,Aluno-764,1.0,,M,2022,7.682125,Ametista,0,0.0,9.2,7.52,8.28125,7.8,8.56,10.0,6.0,9.5,,0,7.838370289900001,10.0,Ametista,0,0,0,False
RA-766,2022,2023,Aluno-766,0.0,11.0,F,2020,8.185,Topázio,-2,10.0,9.5,7.5,,8.7,8.333,5.0,8.5,8.8,,-1,8.008408333,5.0,Topázio,1,0,1,False
RA-767,2022,2023,Aluno-767,0.0,10.0,M,2021,7.511,Ametista,-2,9.5,9.0,7.5,,7.0,7.583,5.0,7.3,6.7,,-1,7.3807,5.0,Ametista,1,0,1,False
RA-767,2023,2024,Aluno-767,1.0,11.0,M,2021,7.3807,Ametista,-1,10.0,8.3,7.52,7.291666667,6.3,7.446666667,5.0,6.5,6.0,,-2,8.131890476200002,5.0,Topázio,1,1,0,False
RA-768,2022,2023,Aluno-768,0.0,10.0,F,2021,7.646,Ametista,-2,9.0,10.0,7.5,,7.1,7.583,5.0,7.0,7.2,,-2,8.4042,5.0,Topázio,1,0,0,False
RA-768,2023,2024,Aluno-768,0.0,,F,2021,8.4042,Topázio,-2,10.0,9.1,7.52,7.5,7.9,10.01,5.0,8.0,7.8,,-1,7.0345379447,5.0,Ametista,1,0,1,False
RA-769,2022,2023,Aluno-769,0.0,9.0,F,2022,7.598,Ametista,-1,10.0,7.5,7.5,,7.9,8.5,5.0,9.6,6.2,,-2,7.85345,5.0,Ametista,1,1,0,False
RA-769,2023,2024,Aluno-769,0.0,10.0,F,2022,7.85345,Ametista,-2,10.0,9.3,3.77,7.8125,8.0,8.675,5.0,8.2,7.8,,-1,7.099342857200002,5.0,Ametista,1,0,1,False
RA-770,2022,2023,Aluno-770,0.0,7.0,M,2022,8.143,Topázio,0,9.5,8.9,7.5,,8.3,7.333,10.0,8.5,8.1,,0,6.6785,10.0,Ágata,0,0,1,False
RA-770,2023,2024,Aluno-770,0.0,,M,2022,6.6785,Ágata,0,0.0,8.3,3.77,6.875,5.9,8.92,10.0,6.0,5.7,,-1,7.3057112782,5.0,Ametista,1,1,0,False
RA-771,2022,2023,Aluno-771,0.0,7.0,F,2022,7.873,Ametista,0,10.0,8.3,7.5,,7.0,7.5,10.0,7.2,6.9,,0,7.056,10.0,Ametista,0,0,1,False
RA-771,2023,2024,Aluno-771,0.0,,F,2022,7.056,Ametista,0,0.0,8.8,3.14,6.25,8.2,8.585,10.0,8.2,8.2,,-1,6.066009523800001,5.0,Ágata,1,1,1,False
RA-772,2022,2023,Aluno-772,0.0,11.0,M,2021,6.994,Ágata,-2,9.0,5.4,7.5,,9.2,7.25,5.0,9.3,9.2,,-2,5.930166667,5.0,Quartzo,1,0,1,False
RA-773,2022,2023,Aluno-773,0.0,9.0,F,2022,6.922,Ágata,-1,10.0,6.8,5.0,,8.1,7.083,5.0,9.3,6.8,,-1,6.9287,5.0,Ágata,1,0,0,False
RA-773,2023,2024,Aluno-773,0.0,9.0,F,2022,6.9287,Ágata,-1,10.0,7.5,2.52,5.625,7.9,7.67,5.0,8.0,7.8,,-2,6.566200000000001,5.0,Ágata,1,1,1,False
RA-774,2022,2023,Aluno-774,0.0,8.0,F,2022,7.587,Ametista,0,10.0,7.8,7.5,,6.1,7.417,10.0,7.8,4.4,,-1,5.852,5.0,Quartzo,1,1,1,False
RA-774,2023,2024,Aluno-774,0.0,,F,2022,5.852,Quartzo,-1,0.0,9.5,3.14,5.0,6.9,6.34,5.0,7.7,6.0,,-1,5.685771428600001,5.0,Quartzo,1,0,1,False
RA-776,2022,2023,Aluno-776,0.0,9.0,F,2022,3.898,Quartzo,-1,0.0,4.3,4.4,,1.7,6.333,5.0,0.0,3.3,,-1,5.567916667,5.0,Quartzo,1,0,0,False
RA-776,2023,2024,Aluno-776,1.0,,F,2022,5.567916667,Quartzo,-1,0.0,7.0,7.52,7.8125,3.5,7.223333333,5.0,4.2,2.7,,-1,5.178509523800001,5.0,Quartzo,1,0,1,False
RA-777,2022,2023,Aluno-777,0.0,8.0,M,2022,7.096,Ametista,0,8.0,7.7,7.5,,5.3,7.0,10.0,6.5,4.0,,0,7.468125,10.0,Ametista,0,0,0,False
RA-777,2023,2024,Aluno-777,1.0,,F,2022,7.468125,Ametista,0,0.0,9.3,7.52,8.28125,6.3,8.84,10.0,5.3,7.3,,0,7.563515408100001,10.0,Ametista,0,0,0,False
RA-778,2022,2023,Aluno-778,0.0,9.0,F,2021,7.432,Ametista,-1,10.0,6.7,7.5,,7.1,8.833,5.0,6.0,8.2,,-1,7.926825,5.0,Ametista,1,0,0,False
RA-778,2023,2024,Aluno-778,1.0,,F,2021,7.926825,Ametista,-1,8.5,7.9,7.52,8.90625,8.2,8.62,5.0,7.3,9.0,,0,8.0754139589,10.0,Topázio,0,0,0,False
RA-78,2022,2023,Aluno-78,5.0,17.0,M,2018,7.04,Ametista,-2,8.3,6.6,5.6,,7.2,8.0,5.0,8.7,5.7,7.3,-2,6.434625,5.0,Ágata,1,0,1,False
RA-78,2023,2024,Aluno-78,6.0,,F,2018,6.434625,Ágata,-2,0.0,7.7,6.26,8.28125,6.7,8.0025,5.0,8.5,4.8,6.8,0,8.1780308688,10.0,Topázio,0,0,0,False
RA-780,2022,2023,Aluno-780,0.0,9.0,F,2022,6.955,Ágata,-1,8.0,7.6,7.5,,6.9,7.167,5.0,6.3,7.5,,-2,7.7842,5.0,Ametista,1,1,0,False
RA-780,2023,2024,Aluno-780,0.0,10.0,F,2022,7.7842,Ametista,-2,9.5,8.8,3.14,8.75,8.3,8.675,5.0,8.0,8.5,,-1,7.7430333333,5.0,Ametista,1,0,1,False
RA-781,2022,2023,Aluno-781,0.0,9.0,F,2021,7.786,Ametista,-1,10.0,8.9,7.5,,8.3,7.75,5.0,8.0,8.5,,-1,8.209283333,5.0,Topázio,1,0,0,False
RA-781,2023,2024,Aluno-781,1.0,10.0,F,2021,8.209283333,Topázio,-1,7.5,9.8,7.52,8.4375,7.9,9.116666667,5.0,7.0,8.8,,0,8.496283333400001,10.0,Topázio,0,0,0,False
RA-782,2022,2023,Aluno-782,0.0,8.0,M,2022,7.485,Ametista,0,9.5,8.4,7.5,,6.0,7.0,10.0,5.7,6.3,,-1,7.6812,5.0,Ametista,1,1,0,False
RA-782,2023,2024,Aluno-782,0.0,9.0,M,2022,7.6812,Ametista,-1,8.5,9.8,2.52,7.5,7.5,9.345,5.0,8.3,6.7,,0,8.1896285714,10.0,Topázio,0,0,0,False
RA-783,2022,2023,Aluno-783,0.0,8.0,M,2021,6.996,Ágata,0,9.5,5.8,7.5,,6.0,6.917,10.0,4.7,7.3,,-1,7.2922,5.0,Ametista,1,1,0,False
RA-784,2022,2023,Aluno-784,0.0,9.0,M,2022,8.34,Topázio,-1,9.5,10.0,7.5,,8.2,9.25,5.0,7.8,8.5,,-1,8.171366667,5.0,Topázio,1,0,1,False
RA-784,2023,2024,Aluno-784,1.0,10.0,F,2022,8.171366667,Topázio,-1,10.0,9.5,7.52,8.125,7.3,8.783333333,5.0,6.5,8.0,,0,8.8857454545,10.0,Topázio,0,0,0,False
RA-785,2022,2023,Aluno-785,0.0,9.0,F,2022,7.642,Ametista,-1,9.0,8.6,7.5,,8.4,7.667,5.0,8.8,8.0,,-1,8.137866667,5.0,Topázio,1,0,0,False
RA-785,2023,2024,Aluno-785,1.0,10.0,F,2022,8.137866667,Topázio,-1,9.0,8.5,7.52,7.916666667,8.8,8.67,5.0,8.2,9.4,,0,9.1548666666,10.0,Topázio,0,0,0,False
RA-787,2022,2023,Aluno-787,0.0,8.0,M,2022,7.205,Ametista,0,8.5,9.5,7.5,,3.4,7.25,10.0,4.2,2.7,,-1,7.5227,5.0,Ametista,1,1,0,False
RA-787,2023,2024,Aluno-787,0.0,,M,2022,7.5227,Ametista,-1,9.0,9.8,7.52,5.625,5.9,8.34,5.0,6.0,5.8,,-1,7.73495,5.0,Ametista,1,0,0,False
RA-788,2022,2023,Aluno-788,0.0,8.0,M,2021,8.264,Topázio,0,10.0,9.3,5.6,,8.0,8.667,10.0,7.8,8.2,,0,7.806091667,10.0,Ametista,0,0,1,False
RA-788,2023,2024,Aluno-788,1.0,,M,2021,7.806091667,Ametista,0,7.9,9.8,2.52,7.65625,6.9,8.283333333,10.0,6.0,7.8,,0,7.9221068268,10.0,Ametista,0,0,0,False
RA-789,2022,2023,Aluno-789,0.0,7.0,F,2022,7.405,Ametista,0,9.0,9.4,7.5,,4.2,7.417,10.0,3.7,4.7,,0,7.974,10.0,Ametista,0,0,0,False
RA-789,2023,2024,Aluno-789,0.0,8.0,F,2022,7.974,Ametista,0,0.0,9.5,7.52,7.5,7.9,10.01,10.0,8.5,7.2,,0,8.0443904763,10.0,Topázio,0,0,0,False
RA-79,2022,2023,Aluno-79,5.0,16.0,F,2018,6.847,Ágata,-1,5.4,6.3,5.6,,8.9,7.292,5.0,9.5,7.7,9.5,-1,6.635883333,5.0,Ágata,1,0,1,False
RA-790,2022,2023,Aluno-790,0.0,11.0,F,2022,7.504,Ametista,-2,9.0,8.9,7.5,,7.8,7.417,5.0,8.5,7.2,,-2,6.707666667,5.0,Ágata,1,0,1,False
RA-790,2023,2024,Aluno-790,1.0,,M,2022,6.707666667,Ágata,-2,0.0,8.1,7.52,7.083333333,7.4,8.286666667,5.0,7.2,7.5,,-1,6.8089355072,5.0,Ágata,1,0,0,False
RA-791,2022,2023,Aluno-791,0.0,11.0,F,2022,7.507,Ametista,-2,9.5,8.7,7.5,,6.5,8.5,5.0,6.3,6.7,,-2,6.247916667,5.0,Ágata,1,0,1,False
RA-792,2022,2023,Aluno-792,0.0,9.0,F,2022,7.025,Ágata,-1,9.5,8.0,7.5,,6.2,7.167,5.0,6.5,5.8,,-2,7.6267,5.0,Ametista,1,1,0,False
RA-792,2023,2024,Aluno-792,0.0,10.0,F,2022,7.6267,Ametista,-2,9.0,7.7,7.52,6.875,7.2,9.085,5.0,6.8,7.5,,-1,6.036012253,5.0,Ágata,1,0,1,False
RA-794,2022,2023,Aluno-794,0.0,8.0,F,2022,7.335,Ametista,0,9.5,8.9,7.5,,4.1,7.333,10.0,3.7,4.5,,-1,7.9842,5.0,Ametista,1,1,0,False
RA-794,2023,2024,Aluno-794,0.0,,F,2022,7.9842,Ametista,-1,9.0,9.2,7.52,7.5,6.2,10.01,5.0,5.2,7.2,,0,7.145652380900001,10.0,Ametista,0,0,1,False
RA-795,2022,2023,Aluno-795,0.0,8.0,F,2022,8.064,Topázio,0,9.0,9.7,7.5,,7.3,7.333,10.0,8.0,6.5,,-1,8.4642,5.0,Topázio,1,1,0,False
RA-795,2023,2024,Aluno-795,0.0,9.0,F,2022,8.4642,Topázio,-1,9.0,9.6,7.52,7.5,8.2,10.01,5.0,8.7,7.7,,-1,8.441414285700002,5.0,Topázio,1,0,1,False
RA-796,2022,2023,Aluno-796,0.0,10.0,F,2022,7.232,Ametista,-2,9.5,9.3,7.5,,5.4,7.667,5.0,5.8,5.0,,-1,7.462866667,5.0,Ametista,1,0,0,False
RA-796,2023,2024,Aluno-796,1.0,11.0,F,2022,7.462866667,Ametista,-1,9.0,9.8,6.27,7.083333333,5.5,8.336666667,5.0,5.0,6.0,,-1,7.052457703200001,5.0,Ametista,1,0,1,False
RA-797,2022,2023,Aluno-797,0.0,10.0,M,2021,7.217,Ametista,-2,9.0,8.5,7.5,,7.3,7.5,5.0,8.2,6.5,,-1,7.373033333,5.0,Ametista,1,0,0,False
RA-797,2023,2024,Aluno-797,1.0,11.0,M,2021,7.373033333,Ametista,-1,8.5,8.6,7.52,6.041666667,7.5,7.233333333,5.0,7.0,8.0,,-1,6.597315151500001,5.0,Ágata,1,0,1,False
RA-798,2022,2023,Aluno-798,0.0,10.0,M,2022,7.049,Ametista,-2,8.0,8.3,7.5,,6.3,7.667,5.0,7.0,5.7,,-1,7.018033333,5.0,Ametista,1,0,1,False
RA-798,2023,2024,Aluno-798,1.0,,M,2022,7.018033333,Ametista,-1,9.0,8.1,7.52,6.458333333,6.1,6.95,5.0,4.3,7.8,,-1,4.6743653679,5.0,Quartzo,1,0,1,False
RA-799,2022,2023,Aluno-799,0.0,10.0,F,2022,7.676,Ametista,-2,8.0,9.6,7.5,,7.8,7.917,5.0,8.5,7.2,,-1,8.061533333,5.0,Topázio,1,0,0,False
RA-799,2023,2024,Aluno-799,1.0,,F,2022,8.061533333,Topázio,-1,9.5,9.6,5.64,8.333333333,8.3,8.17,5.0,7.8,8.8,,0,7.702648484900001,10.0,Ametista,0,0,1,False
RA-80,2022,2023,Aluno-80,5.0,16.0,F,2017,7.29,Ametista,-1,9.2,8.3,5.0,,7.1,7.625,5.0,6.5,7.7,7.3,-1,7.252275,5.0,Ametista,1,0,1,False
RA-80,2023,2024,Aluno-80,6.0,,F,2017,7.252275,Ametista,-1,8.3,8.4,6.89,7.96875,6.3,7.465,5.0,8.2,5.7,5.0,0,8.131659175733333,10.0,Topázio,0,0,0,False
RA-801,2022,2023,Aluno-801,0.0,9.0,M,2022,6.644,Ágata,-1,7.0,6.6,7.5,,6.8,7.5,5.0,7.2,6.3,,0,6.8735,10.0,Ágata,0,0,0,False
RA-801,2023,2024,Aluno-801,1.0,,M,2022,6.8735,Ágata,0,0.0,7.5,7.52,6.875,7.6,7.12,10.0,6.8,8.3,,-1,6.6752,5.0,Ágata,1,1,1,False
RA-802,2022,2023,Aluno-802,0.0,9.0,M,2021,7.831,Ametista,-1,9.0,9.0,7.5,,8.3,8.333,5.0,9.0,7.5,,-1,8.126866667,5.0,Topázio,1,0,0,False
RA-802,2023,2024,Aluno-802,1.0,10.0,M,2021,8.126866667,Topázio,-1,8.0,9.3,7.52,8.333333333,9.4,7.506666667,5.0,9.3,9.5,,0,7.831797402499999,10.0,Ametista,0,0,1,False
RA-804,2022,2023,Aluno-804,0.0,10.0,M,2022,6.848,Ágata,-2,10.0,8.4,6.3,,4.8,7.667,5.0,5.5,4.0,,-1,7.2352,5.0,Ametista,1,0,0,False
RA-805,2022,2023,Aluno-805,0.0,8.0,M,2021,8.279,Topázio,0,9.5,9.0,7.5,,8.8,7.333,10.0,8.7,8.9,,-1,6.492,5.0,Ágata,1,1,1,False
RA-805,2023,2024,Aluno-805,0.0,9.0,M,2021,6.492,Ágata,-1,0.0,9.1,7.52,6.25,6.8,7.175,5.0,6.8,6.8,,-1,6.9375869048,5.0,Ágata,1,0,0,False
RA-806,2022,2023,Aluno-806,0.0,8.0,M,2022,7.561,Ametista,0,9.5,7.3,7.5,,6.6,7.917,10.0,5.0,8.2,,-1,7.2937,5.0,Ametista,1,1,1,False
RA-806,2023,2024,Aluno-806,0.0,9.0,M,2022,7.2937,Ametista,-1,8.5,8.3,6.27,6.875,7.8,7.095,5.0,7.8,7.7,,-1,6.972777380900001,5.0,Ágata,1,0,1,False
RA-807,2022,2023,Aluno-807,0.0,8.0,M,2022,8.121,Topázio,0,9.5,8.7,6.3,,9.0,7.5,10.0,9.5,8.6,,-1,7.8632,5.0,Ametista,1,1,1,False
RA-807,2023,2024,Aluno-807,0.0,9.0,M,2022,7.8632,Ametista,-1,9.5,9.1,7.52,6.25,8.0,8.08,5.0,8.3,7.7,,0,7.797628571400001,10.0,Ametista,0,0,1,False
RA-808,2022,2023,Aluno-808,0.0,8.0,M,2022,8.361,Topázio,0,10.0,9.1,6.3,,9.3,8.0,10.0,9.7,8.8,,-1,8.1932,5.0,Topázio,1,1,1,False
RA-808,2023,2024,Aluno-808,0.0,9.0,M,2022,8.1932,Topázio,-1,10.0,10.0,2.52,7.5,8.7,9.755,5.0,8.7,8.7,,0,8.7897,10.0,Topázio,0,0,0,False
RA-81,2022,2023,Aluno-81,5.0,14.0,F,2017,7.675,Ametista,1,9.2,9.2,5.0,,6.0,7.458,10.0,5.5,5.2,7.3,0,7.45425,10.0,Ametista,0,1,1,False
RA-81,2023,2024,Aluno-81,5.0,15.0,F,2017,7.45425,Ametista,0,9.6,8.8,2.52,7.8125,6.3,7.2125,10.0,8.7,4.7,5.5,0,8.256566666666668,10.0,Topázio,0,0,0,False
RA-810,2022,2023,Aluno-810,0.0,8.0,M,2021,7.887,Ametista,0,8.5,9.1,5.0,,9.6,7.25,10.0,9.7,9.5,,0,7.782866667,10.0,Ametista,0,0,1,False
RA-810,2023,2024,Aluno-810,1.0,9.0,M,2021,7.782866667,Ametista,0,8.0,8.5,7.52,5.833333333,6.9,7.836666667,10.0,6.3,7.5,,-1,7.704770175400001,5.0,Ametista,1,1,1,False
RA-812,2022,2023,Aluno-812,0.0,8.0,M,2022,7.497,Ametista,0,9.0,8.1,5.6,,7.4,7.333,10.0,8.3,6.6,,0,8.0357,10.0,Topázio,0,0,0,False
RA-813,2022,2023,Aluno-813,0.0,8.0,M,2022,7.093,Ametista,0,9.5,6.5,6.9,,6.0,7.417,10.0,6.7,5.3,,0,7.5867,10.0,Ametista,0,0,0,False
RA-814,2022,2023,Aluno-814,0.0,9.0,M,2022,7.592,Ametista,-1,8.9,9.0,6.9,,7.5,8.417,5.0,7.8,7.2,,-1,8.367866667,5.0,Topázio,1,0,0,False
RA-814,2023,2024,Aluno-814,1.0,10.0,M,2022,8.367866667,Topázio,-1,9.5,9.6,6.89,8.333333333,8.2,9.226666667,5.0,7.8,8.5,,0,7.971648484800001,10.0,Ametista,0,0,1,False
RA-815,2022,2023,Aluno-815,0.0,9.0,M,2022,6.81,Ágata,-1,10.0,7.9,5.6,,6.5,7.0,5.0,7.7,5.3,,-1,6.122166667,5.0,Ágata,1,0,1,False
RA-816,2022,2023,Aluno-816,0.0,9.0,F,2022,8.513,Topázio,-1,10.0,9.3,7.5,,9.6,9.417,5.0,9.5,9.7,,-1,8.5572,5.0,Topázio,1,0,0,False
RA-816,2023,2024,Aluno-816,1.0,,F,2022,8.5572,Topázio,-1,7.5,9.8,7.52,9.583333333,8.9,9.283333333,5.0,7.8,10.0,,0,8.929745454599999,10.0,Topázio,0,0,0,False
RA-817,2022,2023,Aluno-817,0.0,8.0,F,2022,7.819,Ametista,0,10.0,8.7,6.3,,7.1,7.417,10.0,7.7,6.5,,0,7.8597,10.0,Ametista,0,0,0,False
RA-818,2022,2023,Aluno-818,0.0,7.0,M,2022,7.483,Ametista,0,9.5,7.3,7.5,,6.2,7.5,10.0,6.5,5.8,,1,7.997366667,10.0,Ametista,0,0,0,False
RA-819,2022,2023,Aluno-819,0.0,8.0,M,2022,7.741,Ametista,0,10.0,7.9,7.5,,7.3,7.333,10.0,8.0,6.5,,0,7.944833333,10.0,Ametista,0,0,0,False
RA-819,2023,2024,Aluno-819,1.0,9.0,M,2022,7.944833333,Ametista,0,0.0,8.3,7.52,8.541666667,9.5,8.893333333,10.0,9.7,9.3,,1,8.652552484400001,10.0,Topázio,0,0,0,False
RA-820,2022,2023,Aluno-820,0.0,9.0,M,2022,7.417,Ametista,-1,9.5,10.0,6.9,,6.0,7.583,5.0,7.7,4.3,,-1,7.85605,5.0,Ametista,1,0,0,False
RA-820,2023,2024,Aluno-820,1.0,10.0,M,2022,7.85605,Ametista,-1,7.9,7.4,7.52,9.0625,8.9,8.28,5.0,9.2,8.5,,0,7.426572549100001,10.0,Ametista,0,0,1,False
RA-822,2022,2023,Aluno-822,0.0,10.0,M,2022,6.922,Ágata,-2,8.0,8.4,7.5,,6.1,7.083,5.0,6.5,5.7,,-2,6.4497,5.0,Ágata,1,0,1,False
RA-822,2023,2024,Aluno-822,0.0,,M,2022,6.4497,Ágata,-2,8.5,8.4,2.52,5.625,7.1,5.925,5.0,8.0,6.2,,-2,5.2645678524,5.0,Quartzo,1,0,1,False
RA-826,2022,2023,Aluno-826,0.0,8.0,M,2022,7.776,Ametista,0,9.5,9.6,7.5,,5.4,7.5,10.0,4.3,6.5,,-1,7.77645,5.0,Ametista,1,1,0,False
RA-826,2023,2024,Aluno-826,0.0,,M,2022,7.77645,Ametista,-1,10.0,10.0,3.77,7.8125,7.3,8.34,5.0,7.0,7.5,,-1,7.9442,5.0,Ametista,1,0,0,False
RA-827,2022,2023,Aluno-827,0.0,10.0,F,2022,7.412,Ametista,-2,9.5,7.0,7.5,,7.6,8.667,5.0,7.7,7.5,,-1,7.419925,5.0,Ametista,1,0,0,False
RA-827,2023,2024,Aluno-827,1.0,,F,2022,7.419925,Ametista,-1,7.9,8.1,3.14,8.28125,8.1,8.73,5.0,7.7,8.5,,0,8.2483467391,10.0,Topázio,0,0,0,False
RA-829,2022,2023,Aluno-829,0.0,8.0,F,2022,8.003,Ametista,0,9.0,8.6,7.5,,7.8,7.5,10.0,8.2,7.5,,0,8.532075,10.0,Topázio,0,0,0,False
RA-829,2023,2024,Aluno-829,1.0,9.0,F,2022,8.532075,Topázio,0,9.0,9.4,3.14,9.21875,8.4,9.23,10.0,7.5,9.2,,1,9.171825000000002,10.0,Topázio,0,0,0,False
RA-830,2022,2023,Aluno-830,0.0,9.0,F,2022,7.234,Ametista,-1,10.0,8.6,7.5,,6.0,7.5,5.0,5.8,6.2,,-1,6.78,5.0,Ágata,1,0,1,False
RA-830,2023,2024,Aluno-830,0.0,9.0,F,2022,6.78,Ágata,-1,0.0,8.9,3.14,6.25,8.3,9.505,5.0,8.3,8.3,,-1,7.1373428571,5.0,Ametista,1,0,0,False
RA-831,2022,2023,Aluno-831,0.0,9.0,M,2022,7.41,Ametista,-1,9.5,9.2,7.5,,7.2,7.167,5.0,7.3,7.0,,-1,7.71645,5.0,Ametista,1,0,0,False
RA-831,2023,2024,Aluno-831,0.0,9.0,M,2022,7.71645,Ametista,-1,8.0,9.4,3.77,7.8125,8.3,8.59,5.0,8.8,7.8,,-1,8.0066285715,5.0,Topázio,1,0,0,False
RA-832,2022,2023,Aluno-832,0.0,9.0,M,2022,8.179,Topázio,-1,10.0,9.2,7.5,,8.8,8.833,5.0,8.8,8.8,,-1,8.2697,5.0,Topázio,1,0,0,False
RA-832,2023,2024,Aluno-832,1.0,10.0,M,2022,8.2697,Topázio,-1,10.0,9.5,7.52,7.708333333,8.5,8.283333333,5.0,9.2,7.7,,0,8.2403304348,10.0,Topázio,0,0,1,False
RA-833,2022,2023,Aluno-833,0.0,9.0,M,2022,7.791,Ametista,-1,10.0,9.5,7.5,,7.8,7.583,5.0,8.2,7.5,,-1,7.81295,5.0,Ametista,1,0,0,False
RA-833,2023,2024,Aluno-833,1.0,,M,2022,7.81295,Ametista,-1,10.0,9.5,3.77,8.4375,7.4,8.56,5.0,7.3,7.5,,0,8.5184577641,10.0,Topázio,0,0,0,False
RA-834,2022,2023,Aluno-834,0.0,9.0,M,2022,8.136,Topázio,-1,9.0,9.0,7.5,,9.0,9.083,5.0,9.2,8.8,,-1,8.662616667,5.0,Topázio,1,0,0,False
RA-834,2023,2024,Aluno-834,1.0,,M,2022,8.662616667,Topázio,-1,9.0,9.9,6.27,9.6875,9.2,9.283333333,5.0,9.0,9.3,,0,8.513646169700001,10.0,Topázio,0,0,1,False
RA-835,2022,2023,Aluno-835,0.0,8.0,M,2022,7.263,Ametista,0,6.9,7.3,7.5,,7.5,6.667,10.0,7.6,7.3,,0,8.2467,10.0,Topázio,0,0,0,False
RA-836,2022,2023,Aluno-836,0.0,9.0,M,2022,7.665,Ametista,-1,8.5,8.3,7.5,,9.2,7.583,5.0,9.0,9.3,,-2,7.6417,5.0,Ametista,1,1,1,False
RA-836,2023,2024,Aluno-836,0.0,,M,2022,7.6417,Ametista,-2,9.5,9.6,6.27,6.875,6.7,8.085,5.0,6.7,6.7,,-1,6.0234537878,5.0,Ágata,1,0,1,False
RA-837,2022,2023,Aluno-837,0.0,8.0,M,2022,8.207,Topázio,0,8.5,9.0,7.5,,8.8,7.5,10.0,9.2,8.3,,0,8.2712,10.0,Topázio,0,0,0,False
RA-837,2023,2024,Aluno-837,1.0,,M,2022,8.2712,Topázio,0,9.0,9.3,7.52,7.916666667,7.0,7.836666667,10.0,6.3,7.7,,0,7.9648467391,10.0,Ametista,0,0,1,False
RA-84,2022,2023,Aluno-84,5.0,17.0,F,2018,6.682,Ágata,-2,7.1,8.8,5.0,,5.8,6.75,5.0,5.7,6.5,5.2,-2,6.034416667,5.0,Ágata,1,0,1,False
RA-840,2022,2023,Aluno-840,0.0,8.0,M,2022,7.875,Ametista,0,9.0,8.2,7.5,,7.8,7.5,10.0,9.6,5.9,,-1,7.7862,5.0,Ametista,1,1,1,False
RA-840,2023,2024,Aluno-840,0.0,,M,2022,7.7862,Ametista,-1,9.5,9.0,4.38,7.5,8.2,8.59,5.0,8.3,8.0,,0,8.5912909091,10.0,Topázio,0,0,0,False
RA-841,2022,2023,Aluno-841,0.0,11.0,M,2022,7.3,Ametista,-2,8.5,8.5,7.5,,7.2,7.5,5.0,8.6,5.8,,-2,6.78,5.0,Ágata,1,0,1,False
RA-841,2023,2024,Aluno-841,0.0,11.0,M,2022,6.78,Ágata,-2,0.0,7.2,7.52,7.5,6.9,9.84,5.0,6.7,7.0,,-1,6.035771224300001,5.0,Ágata,1,0,1,False
RA-842,2022,2023,Aluno-842,0.0,8.0,F,2022,7.952,Ametista,0,7.5,8.3,7.5,,9.1,8.25,10.0,9.1,9.1,,-1,7.2117,5.0,Ametista,1,1,1,False
RA-842,2023,2024,Aluno-842,0.0,9.0,F,2022,7.2117,Ametista,-1,9.0,8.5,3.77,5.625,7.9,8.01,5.0,8.2,7.5,,-1,7.072914756400001,5.0,Ametista,1,0,1,False
RA-846,2022,2023,Aluno-846,0.0,7.0,F,2022,7.412,Ametista,0,9.0,7.2,7.5,,5.9,7.917,10.0,7.7,4.0,,0,7.4637,10.0,Ametista,0,0,0,False
RA-847,2022,2023,Aluno-847,0.0,9.0,M,2022,6.839,Ágata,-1,7.9,8.2,4.4,,7.7,7.417,5.0,7.8,7.6,,-2,6.5418,5.0,Ágata,1,1,1,False
RA-847,2023,2024,Aluno-847,0.0,10.0,M,2022,6.5418,Ágata,-2,7.9,9.1,2.52,5.0,7.6,5.84,5.0,7.5,7.6,,-1,5.009290909100001,5.0,Quartzo,1,0,1,False
RA-85,2022,2023,Aluno-85,5.0,15.0,M,2022,6.243,Ágata,0,6.7,7.3,5.0,,4.3,5.833,10.0,5.0,3.5,,-1,7.08435,5.0,Ametista,1,1,0,False
RA-85,2023,2024,Aluno-85,5.0,16.0,M,2022,7.08435,Ametista,-1,8.8,8.9,6.27,5.9375,5.7,7.8425,5.0,5.8,3.8,7.5,-2,6.999509385733333,5.0,Ágata,1,1,1,False
RA-850,2022,2023,Aluno-850,0.0,8.0,M,2022,7.641,Ametista,0,10.0,7.3,7.5,,8.5,7.167,10.0,8.1,8.8,,-1,6.06525,5.0,Ágata,1,1,1,False
RA-850,2023,2024,Aluno-850,0.0,9.0,M,2022,6.06525,Ágata,-1,0.0,7.9,6.26,6.5625,7.3,6.265,5.0,6.8,7.7,,-1,7.864245454500001,5.0,Ametista,1,0,0,False
RA-851,2022,2023,Aluno-851,0.0,8.0,M,2022,7.515,Ametista,0,9.0,7.9,7.5,,8.3,6.583,10.0,7.9,8.7,,-1,6.1683,5.0,Ágata,1,1,1,False
RA-851,2023,2024,Aluno-851,0.0,,M,2022,6.1683,Ágata,-1,8.4,7.5,2.52,5.625,6.6,6.01,5.0,6.8,6.3,,-1,6.2114602109,5.0,Ágata,1,0,0,False
RA-853,2022,2023,Aluno-853,0.0,8.0,F,2022,8.616,Topázio,0,10.0,9.6,7.5,,8.5,8.5,10.0,8.8,8.2,,-1,7.8402,5.0,Ametista,1,1,1,False
RA-853,2023,2024,Aluno-853,0.0,9.0,F,2022,7.8402,Ametista,-1,10.0,9.5,3.77,6.25,7.4,9.84,5.0,7.2,7.5,,0,7.986866666600001,10.0,Ametista,0,0,0,False
RA-854,2022,2023,Aluno-854,0.0,8.0,F,2022,8.098,Topázio,0,8.0,9.0,7.5,,9.3,7.167,10.0,9.5,9.0,,0,6.6415,10.0,Ágata,0,0,1,False
RA-854,2023,2024,Aluno-854,0.0,,F,2022,6.6415,Ágata,0,0.0,9.5,3.77,5.625,6.0,8.01,10.0,7.5,4.5,,0,7.826199999900001,10.0,Ametista,0,0,0,False
RA-855,2022,2023,Aluno-855,0.0,9.0,F,2022,8.453,Topázio,-1,10.0,9.6,7.5,,9.7,9.0,5.0,9.7,9.6,,0,8.62995,10.0,Topázio,0,0,0,False
RA-855,2023,2024,Aluno-855,1.0,9.0,F,2022,8.62995,Topázio,0,9.5,10.0,7.52,8.4375,6.8,8.67,10.0,5.2,8.3,,0,8.578533333400001,10.0,Topázio,0,0,1,False
RA-856,2022,2023,Aluno-856,0.0,7.0,M,2022,8.398,Topázio,0,10.0,9.1,7.5,,8.4,8.0,10.0,8.5,8.2,,0,7.3355,10.0,Ametista,0,0,1,False
RA-857,2022,2023,Aluno-857,0.0,9.0,F,2022,8.154,Topázio,-1,8.5,8.9,7.5,,9.5,9.083,5.0,9.6,9.3,,-1,8.1442,5.0,Topázio,1,0,1,False
RA-858,2022,2023,Aluno-858,0.0,7.0,M,2022,7.523,Ametista,0,10.0,7.1,5.6,,7.7,7.333,10.0,8.4,6.9,,0,7.248833333,10.0,Ametista,0,0,1,False
RA-858,2023,2024,Aluno-858,0.0,,M,2022,7.248833333,Ametista,0,0.0,8.1,3.77,8.125,9.3,7.946666667,10.0,9.3,9.2,,-1,6.917866666700001,5.0,Ágata,1,1,1,False
RA-859,2022,2023,Aluno-859,0.0,7.0,F,2022,8.325,Topázio,0,8.5,8.7,7.5,,8.9,8.25,10.0,9.4,8.4,,0,8.6042,10.0,Topázio,0,0,0,False
RA-859,2023,2024,Aluno-859,0.0,8.0,F,2022,8.6042,Topázio,0,8.0,9.2,7.52,7.5,7.3,10.01,10.0,6.8,7.8,,0,8.5817909091,10.0,Topázio,0,0,1,False
RA-86,2022,2023,Aluno-86,5.0,16.0,M,2016,7.566,Ametista,-1,7.5,9.6,5.6,,6.7,8.458,5.0,6.2,7.2,6.9,0,,10.0,,0,0,0,False
RA-86,2023,2024,Aluno-86,7.0,,M,2016,,,0,8.3,,6.89,,,,10.0,,,,0,7.611233333266666,10.0,Ametista,0,0,0,False
RA-860,2022,2023,Aluno-860,0.0,7.0,M,2022,8.136,Topázio,0,9.5,8.5,7.5,,8.1,7.75,10.0,8.9,7.2,,0,8.2372,10.0,Topázio,0,0,0,False
RA-860,2023,2024,Aluno-860,0.0,,M,2022,8.2372,Topázio,0,7.0,9.8,6.89,7.5,7.4,8.34,10.0,7.2,7.5,,0,8.7738666667,10.0,Topázio,0,0,0,False
RA-861,2023,2024,Aluno-861,0.0,8.0,F,2023,9.31095,Topázio,0,9.5,10.0,8.13,8.4375,9.6,8.92,10.0,9.8,9.4,,-1,8.959700000000002,5.0,Topázio,1,1,1,False
RA-862,2023,2024,Aluno-862,0.0,9.0,M,2023,8.2212,Topázio,-1,8.5,9.1,8.14,7.5,8.9,8.585,5.0,8.5,9.2,,-2,7.346677272700001,5.0,Ametista,1,1,1,False
RA-863,2023,2024,Aluno-863,0.0,7.0,M,2023,5.92975,Quartzo,0,0.0,7.6,3.14,5.9375,6.3,6.26,10.0,7.0,5.5,,-1,4.6684348484,5.0,Quartzo,1,1,1,False
RA-867,2023,2024,Aluno-867,0.0,8.0,M,2023,8.6992,Topázio,0,9.0,8.6,8.76,7.5,8.9,8.415,10.0,8.7,9.0,,-1,7.583018181800001,5.0,Ametista,1,1,1,False
RA-868,2023,2024,Aluno-868,0.0,,M,2023,8.63895,Topázio,0,10.0,9.5,8.76,7.1875,7.1,8.67,10.0,7.8,6.3,,-1,7.156366666600001,5.0,Ametista,1,1,1,False
RA-87,2022,2023,Aluno-87,5.0,15.0,M,2021,8.712,Topázio,0,8.3,9.6,7.5,,8.8,8.5,10.0,8.3,8.0,10.0,0,8.6625,10.0,Topázio,0,0,1,False
RA-87,2023,2024,Aluno-87,6.0,16.0,M,2021,8.6625,Topázio,0,7.5,10.0,5.63,8.125,9.3,8.385,10.0,9.5,8.7,9.7,1,9.437924561333332,10.0,Topázio,0,0,0,False
RA-871,2023,2024,Aluno-871,0.0,9.0,M,2023,6.8617,Ágata,-1,9.0,9.5,3.76,4.375,6.9,6.84,5.0,6.8,7.0,,0,7.291729314799999,10.0,Ametista,0,0,0,False
RA-873,2023,2024,Aluno-873,0.0,,F,2023,7.8012,Ametista,-2,8.5,9.7,7.52,6.25,7.0,8.67,5.0,7.2,6.8,,-2,7.61095,5.0,Ametista,1,0,1,False
RA-874,2023,2024,Aluno-874,0.0,9.0,M,2023,5.811,Quartzo,-1,0.0,8.2,7.52,6.25,4.8,6.67,5.0,6.3,3.3,,-1,7.0235939394,5.0,Ametista,1,0,0,False
RA-876,2023,2024,Aluno-876,0.0,,M,2023,8.6492,Topázio,0,10.0,9.4,7.52,7.5,7.5,8.835,10.0,7.3,7.7,,0,7.612057142800001,10.0,Ametista,0,0,1,False
RA-878,2023,2024,Aluno-878,0.0,10.0,M,2023,6.24,Ágata,-2,0.0,9.5,2.52,5.0,8.1,7.34,5.0,8.0,8.2,,-1,6.5335560606000005,5.0,Ágata,1,0,0,False
RA-879,2023,2024,Aluno-879,0.0,,F,2023,6.8225,Ágata,-1,0.0,9.8,2.52,6.875,8.2,8.915,5.0,8.2,8.2,,-1,8.1096318182,5.0,Topázio,1,0,0,False
RA-88,2022,2023,Aluno-88,5.0,17.0,M,2021,7.498,Ametista,-2,7.1,9.2,5.6,,6.5,9.208,5.0,6.8,6.2,6.4,0,,10.0,,0,0,0,False
RA-88,2023,2024,Aluno-88,8.0,18.0,M,2021,,,0,,,,,,,10.0,,,,0,,10.0,,0,0,0,False
RA-880,2023,2024,Aluno-880,0.0,7.0,F,2023,6.724,Ágata,0,0.0,9.4,2.52,6.25,6.3,8.585,10.0,6.3,6.2,,-1,6.853080434800001,5.0,Ágata,1,1,0,False
RA-884,2023,2024,Aluno-884,0.0,,F,2023,8.4587,Topázio,0,9.0,9.7,4.39,6.875,8.8,8.66,10.0,8.4,9.2,,-1,8.0345030302,5.0,Topázio,1,1,1,False
RA-885,2023,2024,Aluno-885,0.0,7.0,M,2023,8.8252,Topázio,0,9.0,9.8,7.52,7.5,8.7,8.665,10.0,8.5,8.8,,-1,8.2072,5.0,Topázio,1,1,1,False
RA-886,2023,2024,Aluno-886,0.0,,F,2023,8.6422,Topázio,0,8.5,9.4,7.52,7.5,8.1,9.0,10.0,7.6,8.5,,-1,8.419200000000002,5.0,Topázio,1,1,1,False
RA-888,2023,2024,Aluno-888,0.0,,M,2023,8.9182,Topázio,0,9.0,10.0,7.52,7.5,8.8,8.83,10.0,8.2,9.3,,-1,8.1942,5.0,Topázio,1,1,1,False
RA-889,2023,2024,Aluno-889,0.0,,M,2023,8.8092,Topázio,0,8.5,9.5,6.89,7.5,9.1,9.0,10.0,8.7,9.5,,-1,8.191290909100001,5.0,Topázio,1,1,1,False
RA-89,2022,2023,Aluno-89,5.0,16.0,M,2021,7.323,Ametista,-1,9.6,7.8,7.5,,5.9,8.0,5.0,7.5,5.7,4.7,-1,6.700775,5.0,Ágata,1,0,1,False
RA-891,2023,2024,Aluno-891,0.0,,F,2023,7.8882,Ametista,-1,9.5,9.5,6.89,7.5,7.5,7.995,5.0,6.2,8.8,,-1,8.035957575700001,5.0,Topázio,1,0,0,False
RA-892,2023,2024,Aluno-892,0.0,8.0,M,2023,8.8112,Topázio,0,8.0,9.6,6.89,7.5,8.3,10.01,10.0,8.5,8.0,,0,8.697700000000001,10.0,Topázio,0,0,1,False
RA-893,2023,2024,Aluno-893,0.0,,M,2023,8.8042,Topázio,-1,9.5,10.0,7.52,7.5,9.3,10.01,5.0,9.5,9.0,,0,8.8910333334,10.0,Topázio,0,0,0,False
RA-894,2023,2024,Aluno-894,0.0,9.0,F,2023,8.8142,Topázio,-1,9.5,9.9,7.52,7.5,9.4,10.01,5.0,9.3,9.5,,-1,8.67895,5.0,Topázio,1,0,1,False
RA-895,2023,2024,Aluno-895,0.0,8.0,F,2023,8.5397,Topázio,0,9.5,9.5,7.52,6.875,6.8,9.5,10.0,6.8,6.7,,-1,8.2579575757,5.0,Topázio,1,1,1,False
RA-896,2023,2024,Aluno-896,0.0,7.0,M,2023,9.0912,Topázio,0,9.5,10.0,6.89,7.5,8.5,10.01,10.0,9.0,8.0,,0,8.2852454545,10.0,Topázio,0,0,1,False
RA-897,2023,2024,Aluno-897,0.0,,M,2023,5.48225,Quartzo,-1,0.0,8.1,7.52,6.5625,6.5,3.32,5.0,7.2,5.7,,-1,5.2212050505,5.0,Quartzo,1,0,1,False
RA-898,2023,2024,Aluno-898,0.0,,M,2023,8.4217,Topázio,-1,9.0,9.8,3.77,8.125,9.4,10.01,5.0,9.7,9.0,,-1,7.8661333334,5.0,Ametista,1,0,1,False
RA-899,2023,2024,Aluno-899,0.0,8.0,M,2023,8.8452,Topázio,0,10.0,9.8,3.77,7.5,9.5,9.34,10.0,9.3,9.6,,0,8.425024769300002,10.0,Topázio,0,0,1,False
RA-90,2022,2023,Aluno-90,5.0,13.0,F,2019,9.442,Topázio,2,10.0,9.7,9.4,,8.5,9.75,10.0,7.7,8.0,9.8,1,8.699408333,10.0,Topázio,0,1,1,False
RA-90,2023,2024,Aluno-90,5.0,14.0,F,2019,8.699408333,Topázio,1,10.0,9.6,7.52,8.59375,7.7,8.1725,10.0,6.7,6.8,9.5,2,8.352033333333335,10.0,Topázio,0,0,1,False
RA-900,2023,2024,Aluno-900,0.0,8.0,F,2023,8.8947,Topázio,0,9.0,9.8,9.38,8.125,7.8,8.67,10.0,8.0,7.5,,0,8.802003030200002,10.0,Topázio,0,0,1,False
RA-903,2023,2024,Aluno-903,0.0,,F,2023,8.5242,Topázio,0,10.0,9.6,5.02,7.5,7.8,9.01,10.0,7.7,7.8,,0,8.0758287879,10.0,Topázio,0,0,1,False
RA-904,2023,2024,Aluno-904,0.0,,F,2023,8.140783333,Topázio,0,9.0,9.3,7.52,7.8125,6.4,7.836666667,10.0,6.0,6.8,,-1,7.6352,5.0,Ametista,1,1,1,False
RA-905,2023,2024,Aluno-905,0.0,9.0,M,2023,7.831033333,Ametista,-1,9.5,9.4,7.52,6.875,8.3,7.056666667,5.0,7.5,9.0,,-2,6.3925823529,5.0,Ágata,1,1,1,False
RA-907,2023,2024,Aluno-907,0.0,8.0,F,2023,8.962033333,Topázio,0,9.5,9.6,7.52,8.125,9.3,8.336666667,10.0,9.2,9.4,,-1,7.9400888889,5.0,Ametista,1,1,1,False
RA-908,2023,2024,Aluno-908,0.0,,F,2023,8.479366667,Topázio,0,9.0,9.0,7.52,8.125,7.9,8.223333333,10.0,6.7,9.0,,-1,6.764292246,5.0,Ágata,1,1,1,False
RA-909,2023,2024,Aluno-909,0.0,10.0,F,2023,8.486033333,Topázio,-2,10.0,9.9,7.52,8.125,9.2,8.056666667,5.0,9.1,9.2,,-2,7.722033333300001,5.0,Ametista,1,0,1,False
RA-91,2022,2023,Aluno-91,5.0,16.0,F,2016,6.645,Ágata,-1,9.2,5.7,5.6,,6.6,7.125,5.0,5.5,5.7,8.5,-1,7.42395,5.0,Ametista,1,0,0,False
RA-91,2023,2024,Aluno-91,6.0,,F,2016,7.42395,Ametista,-1,10.0,7.4,6.89,7.8125,7.4,7.4675,5.0,9.5,5.0,7.7,-1,7.426704761933335,5.0,Ametista,1,0,0,False
RA-910,2023,2024,Aluno-910,0.0,8.0,M,2023,7.801,Ametista,0,0.0,8.8,7.52,8.75,8.9,8.17,10.0,8.8,9.0,,0,8.1163818182,10.0,Topázio,0,0,0,False
RA-911,2023,2024,Aluno-911,0.0,11.0,M,2023,5.59545,Quartzo,-2,9.0,6.7,2.52,5.3125,3.4,7.01,5.0,3.7,3.0,,-2,5.4552454547,5.0,Quartzo,1,0,1,False
RA-912,2023,2024,Aluno-912,0.0,9.0,F,2023,7.0797,Ametista,-1,7.0,9.4,7.52,5.625,6.3,7.175,5.0,6.2,6.3,,-2,7.697103508700001,5.0,Ametista,1,1,0,False
RA-916,2023,2024,Aluno-916,0.0,9.0,F,2023,7.3882,Ametista,-1,9.5,9.7,2.52,6.25,6.6,9.005,5.0,7.7,5.5,,-2,5.5058531621,5.0,Quartzo,1,1,1,False
RA-918,2023,2024,Aluno-918,0.0,7.0,F,2023,7.4967,Ametista,0,10.0,8.7,2.52,5.625,7.7,7.01,10.0,7.1,8.3,,-1,5.657357017600001,5.0,Quartzo,1,1,1,False
RA-919,2023,2024,Aluno-919,0.0,9.0,M,2023,6.225,Ágata,-1,0.0,8.4,7.52,6.25,5.3,8.09,5.0,5.5,5.0,,-2,5.799702673800001,5.0,Quartzo,1,1,1,False
RA-92,2022,2023,Aluno-92,5.0,16.0,F,2016,6.957,Ágata,-1,9.2,7.1,5.0,,7.4,6.667,5.0,7.8,5.5,8.8,-1,7.375916667,5.0,Ametista,1,0,0,False
RA-92,2023,2024,Aluno-92,6.0,,F,2016,7.375916667,Ametista,-1,9.6,9.4,5.63,7.1875,6.7,7.045,5.0,8.7,4.8,6.7,0,8.052279017,10.0,Topázio,0,0,0,False
RA-920,2023,2024,Aluno-920,0.0,8.0,F,2023,6.9647,Ágata,0,9.0,6.3,7.52,5.625,6.1,6.35,10.0,6.0,6.2,,-1,7.7494938597,5.0,Ametista,1,1,0,False
RA-921,2023,2024,Aluno-921,0.0,7.0,F,2023,7.7407,Ametista,0,9.0,9.7,7.52,5.625,6.3,6.68,10.0,6.5,6.0,,-1,7.2838203209,5.0,Ametista,1,1,1,False
RA-922,2023,2024,Aluno-922,0.0,,F,2023,8.5262,Topázio,0,8.5,9.7,3.14,7.5,8.4,10.01,10.0,8.5,8.2,,0,8.5209954545,10.0,Topázio,0,0,1,False
RA-923,2023,2024,Aluno-923,0.0,,F,2023,8.8842,Topázio,0,9.5,9.9,7.52,7.5,7.3,10.01,10.0,7.5,7.0,,0,7.688609090900001,10.0,Ametista,0,0,1,False
RA-924,2023,2024,Aluno-924,0.0,,M,2023,6.5207,Ágata,0,9.0,5.6,7.52,5.625,5.0,5.93,10.0,5.0,5.0,,-1,6.4727360962,5.0,Ágata,1,1,1,False
RA-925,2023,2024,Aluno-925,0.0,,M,2023,7.1837,Ametista,0,9.0,8.9,7.52,5.625,5.4,5.595,10.0,5.2,5.5,,-1,6.587019518800001,5.0,Ágata,1,1,1,False
RA-926,2023,2024,Aluno-926,0.0,9.0,F,2023,7.7792,Ametista,-1,9.0,10.0,3.77,7.5,6.8,9.51,5.0,6.5,7.0,,-1,7.7830787878,5.0,Ametista,1,0,0,False
RA-927,2023,2024,Aluno-927,0.0,,F,2023,7.5982,Ametista,-1,9.0,9.7,3.77,7.5,6.4,9.255,5.0,7.0,5.8,,0,7.9921696969,10.0,Ametista,0,0,0,False
RA-928,2023,2024,Aluno-928,0.0,8.0,F,2023,9.3712,Topázio,0,8.5,10.0,7.52,8.75,9.8,9.67,10.0,9.8,9.8,,0,8.8733666667,10.0,Topázio,0,0,1,False
RA-929,2023,2024,Aluno-929,0.0,8.0,F,2023,9.1312,Topázio,0,8.5,9.8,7.52,8.75,8.8,9.67,10.0,8.7,8.9,,-1,7.7244368421,5.0,Ametista,1,1,1,False
RA-93,2022,2023,Aluno-93,5.0,15.0,F,2016,8.941,Topázio,0,8.3,9.7,8.1,,8.5,9.083,10.0,8.8,8.3,8.4,1,,10.0,,0,0,0,False
RA-93,2023,2024,Aluno-93,7.0,16.0,F,2016,,,1,7.9,,3.14,,,,10.0,,,,1,8.275550000066668,10.0,Topázio,0,0,0,False
RA-930,2023,2024,Aluno-930,0.0,8.0,M,2023,8.8872,Topázio,0,9.0,8.8,7.52,8.75,9.0,9.0,10.0,8.7,9.3,,-1,7.9298184211,5.0,Ametista,1,1,1,False
RA-931,2023,2024,Aluno-931,0.0,,M,2023,7.3747,Ametista,0,8.5,8.2,2.52,5.625,7.8,7.6,10.0,7.0,8.5,,-1,7.075466666700001,5.0,Ametista,1,1,1,False
RA-934,2023,2024,Aluno-934,0.0,8.0,F,2023,9.1737,Topázio,0,9.0,9.6,7.52,9.375,8.7,9.67,10.0,8.3,9.0,,-1,8.338700000000001,5.0,Topázio,1,1,1,False
RA-935,2023,2024,Aluno-935,0.0,9.0,M,2023,7.9535,Ametista,-1,0.0,9.8,7.52,9.375,9.4,9.67,5.0,9.2,9.5,,-1,8.3422,5.0,Topázio,1,0,0,False
RA-937,2023,2024,Aluno-937,0.0,,F,2023,9.3237,Topázio,0,9.5,9.6,7.52,9.375,9.2,9.67,10.0,9.0,9.3,,-1,8.3792,5.0,Topázio,1,1,1,False
RA-938,2023,2024,Aluno-938,0.0,,M,2023,6.7372,Ágata,-1,8.5,8.4,7.52,6.25,4.2,7.5,5.0,0.0,8.3,,-1,8.0056026915,5.0,Topázio,1,0,0,False
RA-939,2023,2024,Aluno-939,0.0,,F,2023,7.9742,Ametista,-2,9.0,10.0,7.52,7.5,5.4,10.01,5.0,5.0,5.7,,-1,7.051379841899999,5.0,Ametista,1,0,1,False
RA-94,2022,2023,Aluno-94,5.0,15.0,F,2018,8.921,Topázio,0,8.3,9.6,8.1,,7.7,9.583,10.0,7.0,6.7,9.5,-1,7.289333333,5.0,Ametista,1,1,1,False
RA-94,2023,2024,Aluno-94,5.0,,F,2018,7.289333333,Ametista,-1,7.5,9.6,2.52,8.75,7.2,7.795,5.0,7.7,4.8,9.0,0,8.637033333333335,10.0,Topázio,0,0,0,False
RA-941,2023,2024,Aluno-941,0.0,,F,2023,7.6872,Ametista,0,8.0,10.0,7.52,5.0,5.0,8.175,10.0,5.0,5.0,,-1,7.746700000000001,5.0,Ametista,1,1,0,False
RA-943,2023,2024,Aluno-943,0.0,,F,2023,8.9172,Topázio,0,9.5,9.4,7.52,7.5,8.0,9.925,10.0,8.0,8.0,,0,8.965033333300001,10.0,Topázio,0,0,0,False
RA-944,2023,2024,Aluno-944,0.0,9.0,F,2023,7.0687,Ametista,-1,9.0,7.6,7.52,5.625,7.5,6.67,5.0,9.2,5.8,,-2,7.8262,5.0,Ametista,1,1,0,False
RA-945,2023,2024,Aluno-945,0.0,,M,2023,8.0777,Topázio,0,8.5,9.2,7.52,6.875,7.9,6.84,10.0,8.0,7.8,,-1,7.4195809524,5.0,Ametista,1,1,1,False
RA-946,2023,2024,Aluno-946,0.0,,M,2023,8.5822,Topázio,0,9.5,9.4,7.52,7.5,9.3,7.0,10.0,9.0,9.5,,-1,6.677723809500001,5.0,Ágata,1,1,1,False
RA-947,2023,2024,Aluno-947,0.0,,M,2023,6.3457,Ágata,0,9.0,7.9,7.52,4.375,3.3,5.08,10.0,1.7,4.9,,-1,6.053509523800001,5.0,Ágata,1,1,1,False
RA-949,2023,2024,Aluno-949,0.0,,F,2023,8.0172,Topázio,0,9.5,8.1,7.52,6.25,8.9,6.5,10.0,9.1,8.6,,-1,7.1323428571,5.0,Ametista,1,1,1,False
RA-950,2023,2024,Aluno-950,0.0,8.0,F,2023,8.8862,Topázio,0,9.0,10.0,7.52,7.5,9.3,8.17,10.0,9.5,9.0,,-1,7.693461904800001,5.0,Ametista,1,1,1,False
RA-951,2023,2024,Aluno-951,0.0,7.0,F,2023,8.8902,Topázio,0,9.5,9.7,7.52,7.5,8.4,9.09,10.0,8.5,8.3,,-1,6.4483428571,5.0,Ágata,1,1,1,False
RA-952,2023,2024,Aluno-952,0.0,8.0,M,2023,8.37095,Topázio,0,9.5,9.2,3.77,7.1875,9.0,8.425,10.0,8.8,9.2,,0,8.853624242300002,10.0,Topázio,0,0,0,False
RA-953,2023,2024,Aluno-953,0.0,,F,2023,7.54005,Ametista,0,7.4,8.8,3.14,6.5625,8.3,7.09,10.0,8.5,8.0,,0,7.961241502000001,10.0,Ametista,0,0,0,False
RA-954,2023,2024,Aluno-954,0.0,8.0,F,2023,6.82375,Ágata,0,0.0,8.3,3.14,7.1875,7.7,8.005,10.0,7.8,7.5,,0,8.2823798419,10.0,Topázio,0,0,0,False
RA-955,2023,2024,Aluno-955,0.0,10.0,F,2023,7.1297,Ametista,-2,9.0,8.8,3.14,6.875,7.8,7.09,5.0,8.0,7.5,,-1,6.245452381,5.0,Ágata,1,0,1,False
RA-956,2023,2024,Aluno-956,0.0,11.0,M,2023,7.7312,Ametista,-2,8.0,7.5,7.52,7.5,7.8,9.345,5.0,7.8,7.8,,-1,6.1175906455,5.0,Ágata,1,0,1,False
RA-958,2023,2024,Aluno-958,0.0,,F,2023,9.2902,Topázio,0,10.0,9.8,7.52,7.5,9.3,9.84,10.0,9.3,9.3,,0,9.531325,10.0,Topázio,0,0,0,False
RA-959,2023,2024,Aluno-959,0.0,8.0,M,2023,8.6677,Topázio,0,10.0,9.6,7.52,6.875,7.7,8.84,10.0,7.7,7.7,,-1,8.379818421100001,5.0,Topázio,1,1,1,False
RA-96,2022,2023,Aluno-96,5.0,16.0,M,2021,7.54,Ametista,-1,9.2,7.8,6.9,,6.7,8.5,5.0,5.7,6.5,8.0,-1,7.610791667,5.0,Ametista,1,0,0,False
RA-96,2023,2024,Aluno-96,6.0,17.0,M,2021,7.610791667,Ametista,-1,9.6,8.9,7.52,7.65625,6.4,7.84,5.0,6.8,4.8,7.7,0,,10.0,,0,0,0,False
RA-960,2023,2024,Aluno-960,0.0,10.0,M,2023,7.0847,Ametista,-2,8.5,10.0,7.52,5.625,6.3,5.85,5.0,6.5,6.0,,-1,5.286047619,5.0,Quartzo,1,0,1,False
RA-961,2023,2024,Aluno-961,0.0,9.0,M,2023,5.99625,Quartzo,-1,0.0,8.7,2.52,5.3125,6.2,8.665,5.0,6.2,6.2,,-1,6.529417908900001,5.0,Ágata,1,0,0,False
RA-963,2023,2024,Aluno-963,0.0,,F,2023,8.6142,Topázio,-1,9.5,9.8,7.52,7.5,8.5,10.01,5.0,8.3,8.7,,0,8.375080952400001,10.0,Topázio,0,0,1,False
RA-964,2023,2024,Aluno-964,0.0,9.0,M,2023,7.7997,Ametista,-1,8.5,9.4,7.52,6.875,7.2,8.5,5.0,7.3,7.0,,-1,7.548241666600001,5.0,Ametista,1,0,1,False
RA-965,2023,2024,Aluno-965,0.0,9.0,F,2023,6.4832,Ágata,-1,8.5,8.2,6.27,5.0,4.7,7.18,5.0,5.3,4.0,,-2,6.1376545455,5.0,Ágata,1,1,1,False
RA-966,2023,2024,Aluno-966,0.0,,M,2023,7.44345,Ametista,-1,10.0,10.0,7.52,6.5625,5.0,7.675,5.0,5.0,5.0,,-2,7.9943363636,5.0,Ametista,1,1,0,False
RA-967,2023,2024,Aluno-967,0.0,,M,2023,7.1347,Ametista,-2,9.5,8.0,7.52,5.625,6.5,7.35,5.0,6.5,6.5,,-1,5.442610714300001,5.0,Quartzo,1,0,1,False
RA-968,2023,2024,Aluno-968,0.0,,F,2023,8.4942,Topázio,-1,9.0,9.7,7.52,7.5,8.3,10.01,5.0,8.0,8.5,,-1,7.8403547619,5.0,Ametista,1,0,1,False
RA-969,2023,2024,Aluno-969,0.0,8.0,M,2023,7.7692,Ametista,0,8.5,9.7,7.52,6.25,5.5,7.51,10.0,6.0,5.0,,-1,7.453427272700001,5.0,Ametista,1,1,1,False
RA-971,2023,2024,Aluno-971,0.0,,M,2023,7.0169,Ametista,0,7.8,6.4,3.77,5.625,6.9,8.17,10.0,5.5,8.3,,-1,6.8916181818,5.0,Ágata,1,1,1,False
RA-972,2023,2024,Aluno-972,0.0,8.0,M,2023,7.5427,Ametista,0,9.0,9.1,3.77,6.875,6.0,7.84,10.0,6.2,5.7,,-1,7.537472727300001,5.0,Ametista,1,1,1,False
RA-973,2023,2024,Aluno-973,0.0,,M,2023,5.82875,Quartzo,-1,0.0,8.6,3.77,7.1875,5.2,7.415,5.0,6.2,4.1,,-2,6.9318363636,5.0,Ágata,1,1,0,False
RA-974,2023,2024,Aluno-974,0.0,,M,2023,8.4752,Topázio,0,9.0,9.1,3.77,7.5,8.8,9.34,10.0,8.8,8.8,,-1,7.6077217391,5.0,Ametista,1,1,1,False
RA-975,2023,2024,Aluno-975,0.0,,F,2023,7.7803,Ametista,0,7.9,9.2,7.52,5.625,6.5,7.67,10.0,7.2,5.8,,-1,7.1463666667000005,5.0,Ametista,1,1,1,False
RA-977,2023,2024,Aluno-977,0.0,7.0,F,2023,7.1717,Ametista,0,8.5,7.4,5.02,5.625,5.8,8.085,10.0,5.7,5.9,,-1,7.188033333300001,5.0,Ametista,1,1,0,False
RA-978,2023,2024,Aluno-978,0.0,,F,2023,8.3877,Topázio,0,9.0,9.8,3.77,5.625,8.6,9.34,10.0,8.7,8.5,,-1,7.4637,5.0,Ametista,1,1,1,False
RA-979,2023,2024,Aluno-979,0.0,8.0,M,2023,8.1617,Topázio,0,9.5,9.6,6.27,5.625,6.0,9.51,10.0,6.0,6.0,,-1,8.0352454545,5.0,Topázio,1,1,1,False
RA-98,2022,2023,Aluno-98,5.0,15.0,F,2017,9.354,Topázio,0,8.8,10.0,9.4,,8.5,9.667,10.0,8.4,8.2,8.9,2,,10.0,,0,0,0,False
RA-98,2023,2024,Aluno-98,7.0,15.0,F,2017,,,2,7.9,,2.52,,,,10.0,,,,1,8.617450000000002,10.0,Topázio,0,1,0,False
RA-980,2023,2024,Aluno-980,0.0,8.0,F,2023,7.1425,Ametista,0,0.0,9.8,5.02,5.625,6.3,9.34,10.0,6.5,6.0,,0,7.946388311600001,10.0,Ametista,0,0,0,False
RA-981,2023,2024,Aluno-981,0.0,7.0,F,2023,7.5367,Ametista,0,9.5,9.1,2.52,5.625,5.8,9.01,10.0,5.7,5.8,,-1,6.6513739130000005,5.0,Ágata,1,1,1,False
RA-982,2023,2024,Aluno-982,0.0,7.0,M,2023,7.1215,Ametista,0,0.0,9.1,2.52,5.625,8.6,8.835,10.0,8.7,8.5,,0,8.119860173100001,10.0,Topázio,0,0,0,False
RA-984,2023,2024,Aluno-984,0.0,8.0,F,2023,8.8177,Topázio,0,8.0,9.8,7.52,6.875,8.3,9.84,10.0,8.3,8.2,,0,8.475080952400003,10.0,Topázio,0,0,1,False
RA-985,2023,2024,Aluno-985,0.0,8.0,M,2023,7.6247,Ametista,0,9.0,9.3,2.52,5.625,6.8,8.5,10.0,7.3,6.2,,0,8.2432,10.0,Topázio,0,0,0,False
RA-986,2023,2024,Aluno-986,0.0,8.0,F,2023,8.0107,Topázio,0,9.5,9.1,2.52,5.625,8.3,8.83,10.0,8.3,8.3,,0,8.2603406926,10.0,Topázio,0,0,0,False
RA-987,2023,2024,Aluno-987,0.0,8.0,M,2023,7.6765,Ametista,0,0.0,9.8,6.27,6.875,7.3,9.76,10.0,7.5,7.0,,0,8.3028861472,10.0,Topázio,0,0,0,False
RA-988,2023,2024,Aluno-988,0.0,,F,2023,7.9568,Ametista,-1,7.9,8.1,7.52,6.25,8.5,9.84,5.0,8.5,8.5,,-1,8.1765333333,5.0,Topázio,1,0,0,False
RA-989,2023,2024,Aluno-989,0.0,9.0,M,2023,7.7242,Ametista,-1,9.5,8.1,2.52,7.5,8.3,10.01,5.0,8.7,7.8,,0,7.3743785714,10.0,Ametista,0,0,1,False
RA-99,2022,2023,Aluno-99,5.0,16.0,M,2019,6.158,Ágata,-1,8.8,6.3,7.5,,5.0,5.833,5.0,5.7,3.4,5.8,-1,6.68045,5.0,Ágata,1,0,0,False
RA-990,2023,2024,Aluno-990,0.0,,M,2023,7.254,Ametista,-1,0.0,8.5,7.52,7.5,7.8,10.01,5.0,8.3,7.2,,-1,7.812283333400001,5.0,Ametista,1,0,0,False
RA-991,2023,2024,Aluno-991,0.0,9.0,F,2023,7.7687,Ametista,-1,10.0,9.1,3.14,6.875,7.7,9.585,5.0,8.0,7.3,,-1,7.057230303000001,5.0,Ametista,1,0,1,False
RA-994,2023,2024,Aluno-994,0.0,8.0,F,2023,7.4127,Ametista,0,9.5,9.4,3.77,5.625,6.0,7.265,10.0,6.2,5.7,,-1,7.7982217391,5.0,Ametista,1,1,0,False
RA-995,2023,2024,Aluno-995,0.0,,F,2023,6.4782,Ágata,-2,9.5,7.9,3.77,6.25,5.1,7.18,5.0,5.3,4.8,,-2,5.110372077899999,5.0,Quartzo,1,0,1,False
